<?xml version="1.0"?>
<TR xmlns:xsd="http://www.w3.org/2001/XMLSchema" xmlns:xsi="http://www.w3.org/2001/XMLSchema-instance" Name="Script.ComicVineScraper" CultureName="de">
  <Texts>
    <Text Key="MessageBoxOk" Text="OK" Comment="OK" />
    <Text Key="MessageBoxCancel" Text="Abbrechen" Comment="Cancel" />
    <Text Key="MessageBoxRetry" Text="Erneut versuchen" Comment="Retry" />
    <Text Key="MessageBoxIgnore" Text="Ignorieren" Comment="Ignore" />
    <Text Key="MessageBoxAbort" Text="Abbrechen" Comment="Abort" />
    <Text Key="MessageBoxYes" Text="Ja" Comment="Yes" />
    <Text Key="MessageBoxNo" Text="Nein" Comment="No" />
    <Text Key="ComicRackOODText" Text="Dieses Script benötigt eine neuere Version von ComicRack. Bitte laden Sie die neuste Version herunter und versuchen Sie es erneut. " Comment="This script requires a newer version of ComicRack in order to run properly.  Please download and install the latest version from the ComicRack website, and then try again." />
    <Text Key="ComicRackOODTitle" Text="ComicRack Aktualisierung benötigt" Comment="ComicRack Update Required" />
    <Text Key="SeriesSearchFailedTitle" Text="Suche fehlgeschlagen" Comment="Search Failed" />
    <Text Key="SeriesSearchFailedText" Text="Konnte mit folgenden Suchparametern keinen Comic finden:\n\n     '{0}'\n\nAchten Sie auf korrekte Schreibweise! Suchanfragen sollten Teile oder den vollständigen Titel des Comics enthalten, aber NICHT desses Nummer, Herausgeber, Jahr, usw." Comment="Couldn't find any comic books that match the search terms:\n\n     '{0}'\n\nBe sure that all search terms are spelled correctly!  Searches should include part (or all) of a comic book's title, but NOT its issue number, publisher, publication date, etc." />
    <Text Key="NoIssuesAvailableTitle" Text="Serie hat keine Ausgaben" Comment="Series has No Issues" />
    <Text Key="NoIssuesAvailableText" Text="Sie wählten '{0}'.\n\nDiese Serie kann nicht angezeigt werden da sie keine Einträge in der Comic Vine Datenbank hat. \n\nSie können fehlende Comics auf http://comicvine.com/ hinzufügen" Comment="You selected '{0}'.\n\nThis series cannot be displayed because it does not contain any issues in the Comic Vine database.\n\nYou can add missing issues at: http://comicvine.com/" />
    <Text Key="SearchProgbarText" Text="Suche in Comic Vine ({0} Treffer)" Comment="Searching Comic Vine ({0} matches)" />
    <Text Key="IssuesProgbarText" Text="Lade Serien Details ({0}% komplett)" Comment="Loading Series Details ({0}% complete)" />
    <Text Key="ComicFormUnknown" Text="unbekannt" Comment="unknown" />
    <Text Key="ComicFormVolume" Text="Jahrgang" Comment="Vol." />
    <Text Key="ComicFormScrapingLabel" Text="Scraping:  " Comment="Scraping:  " />
    <Text Key="ComicFormCancelButton" Text="Abbrechen ({0} übrig)" Comment="Cancel ({0} remaining)" />
    <Text Key="ConfigFormTitle" Text="Comic Vine Scraper Einstellungen" Comment="Comic Vine Scraper Settings" />
    <Text Key="ConfigFormOK" Text="OK" Comment="OK" />
    <Text Key="ConfigFormRestore" Text="Standard wiederherstellen" Comment="Restore Defaults" />
    <Text Key="ConfigFormCancel" Text="Abbrechen" Comment="Cancel" />
    <Text Key="ConfigFormDetailsTab" Text="Details" Comment="Details" />
    <Text Key="ConfigFormDetailsText" Text="Wählen Sie welche Details aktualisiert werden sollen:" Comment="Choose which details you want to update:" />
    <Text Key="ConfigFormDetailsAll" Text="Markiere Alle" Comment="Select All" />
    <Text Key="ConfigFormDetailsNone" Text="Markiere Keine" Comment="Select None" />
    <Text Key="ConfigFormSeriesCB" Text="Serie" Comment="Series" />
    <Text Key="ConfigFormNumberCB" Text="Nummer" Comment="Number" />
    <Text Key="ConfigFormMonthCB" Text="Monat" Comment="Month" />
    <Text Key="ConfigFormTitleCB" Text="Titel" Comment="Title" />
    <Text Key="ConfigFormAltSeriesCB" Text="Alternative Serie" Comment="Alternate Series" />
    <Text Key="ConfigFormWriterCB" Text="Autor" Comment="Writer" />
    <Text Key="ConfigFormPencillerCB" Text="Zeichner" Comment="Penciller" />
    <Text Key="ConfigFormInkerCB" Text="Tinte" Comment="Inker" />
    <Text Key="ConfigFormCoverCB" Text="Cover Künstler" Comment="Cover Artist" />
    <Text Key="ConfigFormColoristCB" Text="Kolorist" Comment="Colorist" />
    <Text Key="ConfigFormLettererCB" Text="Letterer" Comment="Letterer" />
    <Text Key="ConfigFormEditorCB" Text="Editor" Comment="Editor" />
    <Text Key="ConfigFormSummaryCB" Text="Zusammenfassung" Comment="Summary" />
    <Text Key="ConfigFormYearCB" Text="Jahr" Comment="Year" />
    <Text Key="ConfigFormImprintCB" Text="Verlagszeichen" Comment="Imprint" />
    <Text Key="ConfigFormPublisherCB" Text="Verleger" Comment="Publisher" />
    <Text Key="ConfigFormVolumeCB" Text="Jahrgang" Comment="Volume" />
    <Text Key="ConfigFormCharactersCB" Text="Charaktere" Comment="Characters" />
    <Text Key="ConfigFormTeamsCB" Text="Teams" Comment="Teams" />
    <Text Key="ConfigFormLocationsCB" Text="Schauplätze" Comment="Locations" />
    <Text Key="ConfigFormWebCB" Text="Webseite" Comment="Webpage" />
    <Text Key="ConfigFormRatingCB" Text="Bewertung" Comment="Rating" />
    <Text Key="ConfigFormBehaviourTab" Text="Verhalten" Comment="Behaviour" />
    <Text Key="ConfigFormRescrapeTab" Text="Rescrapen" Comment="Rescraping" />
    <Text Key="ConfigFormRescrapeCB" Text="Benutze zuvorige Wahl bei bereits &quot;gescrapten&quot; Comics" Comment="Use previous choice when 'rescraping' comics" />
    <Text Key="ConfigFormRescrapeTagsCB" Text="Speichere diese in &quot;Marken&quot;" Comment="Save that choice in 'Tags'" />
    <Text Key="ConfigFormRescrapeNotesCB" Text="Speichere diese in &quot;Notizen&quot;" Comment="Save that choice in 'Notes'" />
    <Text Key="ConfigFormAskGroupsCB" Text="Wenn mehrere Comics aus derselben Serie zu stammen scheinen nur die erste Serie bestätigen" Comment="When several comics appear to be from the same series, only confirm the series for the first one" />
    <Text Key="ConfigFormConfirmSeriesCB" Text="Bestätige jede Serie vor dem Suchen\n" Comment="Confirm each series name before searching for it" />
    <Text Key="ConfigFormDisplayCoversCB" Text="Zeige Comic-Cover (wenn vorhanden)" Comment="When possible, display comic book cover images" />
    <Text Key="ConfigFormShowWelcomeCB" Text="Zeige den Anfangsdialog vor dem &quot;Scrapen&quot;" Comment="Show initialization dialog before scraping" />
    <Text Key="ConfigFormShowSummaryCB" Text="Zeige Zusammenfassung nach dem &quot;Scrapen&quot;" Comment="Show summary message when finished scraping" />
    <Text Key="ConfigFormDataTab" Text="Daten" Comment="Data" />
    <Text Key="ConfigFormImprintsCB" Text="Konvertiere Verlagszeichen zum zugehörigen Verleger" Comment="Convert scraped imprints to parent publisher" />
    <Text Key="ConfigFormOverwriteCB" Text="Scraper darf existierende Werte in Comics überschreiben" Comment="Allow scraper to overwrite existing values in comics" />
    <Text Key="ConfigFormOverwriteEmptyCB" Text="...außer die neuen Werte wären leer" Comment="...except when the new values would be empty" />
    <Text Key="ConfigFormFilelessCB" Text="Aktualisiere Thumbnails für dateilose Comics" Comment="Update thumbnails for fileless comics" />
    <Text Key="ConfigFormFilelessOverwriteCB" Text="...außer es existieren schon Thumbnails" Comment="...except when they already have thumbnails" />
    <Text Key="FinishFormTitle" Text="Comic Vine Scraper - v{0}" Comment="Comic Vine Scraper - v{0}" />
    <Text Key="FinishFormScrapedSingle" Text="Details für einen Comic &quot;gescraped&quot;." Comment="Scraped details for 1 comic book." />
    <Text Key="FinishFormScrapedPlural" Text="Details für {0} Comics &quot;gescraped&quot;." Comment="Scraped details for {0} comic books." />
    <Text Key="FinishFormSkippedSingle" Text="Einen Comic Übersprungen." Comment="Skipped 1 comic book." />
    <Text Key="FinishFormSkippedPlural" Text="{0} Comics übersprungen." Comment="Skipped {0} comic books." />
    <Text Key="IssueCoverPanelSearching" Text="Suche mehr Cover..." Comment="Searching for more covers..." />
    <Text Key="IssueCoverPanelSingle" Text="Ausgabe {0}  -  Einzel-Cover" Comment="Issue {0}  -  Single Cover" />
    <Text Key="IssueCoverPanelPlural" Text="Ausgabe {0}  -  Cover {1} of {2}" Comment="Issue {0}  -  Cover {1} of {2}" />
    <Text Key="LogDBErrorTitle" Text="Kein Zugriff auf Online-Datenbank" Comment="Cannot Access Online Database" />
    <Text Key="LogDBErrorText" Text="Die {0} Online-Datenbank konnte nicht erreicht werden. Dies kann an einem temporären technischen Fehler in der Datenbank oder Ihrer Internetverbindung liegen.\n\nBitte versuchen Sie es später noch einmal." Comment="The {0} online database could not be reached.  This may be due to a temporary technical error with the database, or there may be a problem with your internet connection.\n\nPlease try again later." />
    <Text Key="LogErrorTitle" Text="Unerwarteter Fehler" Comment="Unexpected Error" />
    <Text Key="LogErrorText" Text="Unerwarteter Fehler. Wollen Sie eine Logdatei mit mehr Details zu dem Fehler speichern?" Comment="An unexpected error occurred.  Would you like to save a log file with more details about this problem?" />
    <Text Key="LogSaveTitle" Text="Speichere Logdatei" Comment="Save Log File" />
    <Text Key="LogSaveFilter" Text="Alle Daten (*.*)" Comment="All Files (*.*)" />
    <Text Key="LogSavedTitle" Text="Gepeicherte Logdatei" Comment="Saved Log File" />
    <Text Key="LogSavedText" Text="Es wurde eine Logdatei für diesen Fehler gespeichert. Bitte teilen Sie diesen Fehler auf der Comic Vine Scraper Website mit und laden Sie die Logdatei hoch." Comment="A log file for this error has been saved.  Please consider reporting this incident (and submitting the log file) to the issue tracker on the main Comic Vine Scraper website." />
    <Text Key="LogSaveFailedText" Text="Fehler beim Speichern der Debug-Logdatei." Comment="Error saving debug log." />
    <Text Key="SearchFormTitle" Text="Suche Comics" Comment="Search for a Comic Book" />
    <Text Key="SearchFormText" Text="Suche in der Comic Datenbank nach:" Comment="Search the comic book database for:" />
    <Text Key="SearchFormSearch" Text="Suche" Comment="Search" />
    <Text Key="SearchFormSkip" Text="Überspringen" Comment="Skip" />
    <Text Key="SearchFormCancel" Text="Abbrechen" Comment="Cancel" />
    <Text Key="IssueFormTitle" Text="Wählen Sie einen Comic" Comment="Choose a Comic Book Issue" />
    <Text Key="IssueFormOK" Text="OK" Comment="OK" />
    <Text Key="IssueFormSkip" Text="Überspringen" Comment="Skip" />
    <Text Key="IssueFormGoBack" Text="Zurück" Comment="Go Back" />
    <Text Key="IssueFormTitleCol" Text="Titel" Comment="Title" />
    <Text Key="IssueFormIssueCol" Text="Ausgabe" Comment="Issue" />
    <Text Key="IssueFormChooseText" Text="Bitte wählen Sie die richtige Ausgabe aus der folgenden Liste." Comment="Please choose the correct issue from the following list." />
    <Text Key="IssueFormChooseUnknownText" Text="Konnte die korrekte Ausgabe nicht feststellen. Bitte wählen Sie einen Comic aus folgender Liste." Comment="Could not automatically identify the correct issue for this comic.  Please choose an issue from the following list." />
    <Text Key="SeriesFormTitle" Text="Wählen Sie eine Serie" Comment="Choose a Comic Book Series" />
    <Text Key="SeriesFormSeriesCol" Text="Serie" Comment="Series" />
    <Text Key="SeriesFormYearCol" Text="Jahr" Comment="Year" />
    <Text Key="SeriesFormIssuesCol" Text="Comics" Comment="Issues" />
    <Text Key="SeriesFormPublisherCol" Text="Verleger" Comment="Publisher" />
    <Text Key="SeriesFormOK" Text="OK" Comment="OK" />
    <Text Key="SeriesFormSkip" Text="Überspringen" Comment="Skip" />
    <Text Key="SeriesFormAgain" Text="Neue Suche" Comment="Search Again" />
    <Text Key="SeriesFormIssues" Text="Zeige Comics" Comment="Show Issues" />
    <Text Key="SeriesFormChooseText" Text="Searched for '{0}' and found {1} matching series.  Please choose one from the list below, or click 'Skip' to scrape this comic later.\n\nSuche nach '{0}' ergab {1} passende Serien. Klicken Sie auf &quot;Ok&quot; um diese zu bestätigen oder &quot;Überspringen&quot; um den Comic später zu &quot;scrapen&quot;." Comment="Searched for '{0}' and found {1} matching series.  Please choose one from the list below, or click 'Skip' to scrape this comic later." />
    <Text Key="SeriesFormConfirmText" Text="Suche nach '{0}' ergab eine passende Serie. Klicken Sie auf &quot;Ok&quot; um diese zu bestätigen oder &quot;Überspringen&quot; um den Comic später zu &quot;scrapen&quot;." Comment="Searched for '{0}' and found one matching series.  Click 'OK' to confirm that this is correct, or click 'Skip' to scrape this comic later." />
    <Text Key="SeriesFormShowArt" Text="Zeige Serien Cover" Comment="Show Series Art" />
    <Text Key="WelcomeFormTextSingle" Text="Sie sind im Begriff, für einen Comic Details herunterzuladen. \n\nKlicken Sie auf &quot;Start&quot; um zu beginnen." Comment="You are about to download and store details for 1 comic book.\n\nClick 'Start Scraping...' to begin." />
    <Text Key="WelcomeFormTextPlural" Text="Sie sind im Begriff, für {0} Comics Details herunterzuladen.\n\nKlicken Sie auf &quot;Start&quot; um zu beginnen." Comment="You are about to download and store details for {0} comic books.\n\nClick 'Start Scraping...' to begin." />
    <Text Key="WelcomeFormStart" Text="Start" Comment="Start Scraping..." />
    <Text Key="WelcomeFormCancel" Text="Abbrechen" Comment="Cancel" />
    <Text Key="WelcomeFormSettings" Text="Einstellungen..." Comment="Settings..." />
  </Texts>
</TR>