<?xml version="1.0"?>
<TR xmlns:xsi="http://www.w3.org/2001/XMLSchema-instance" xmlns:xsd="http://www.w3.org/2001/XMLSchema" Name="Script.ComicVineScraper" CultureName="it">
  <Texts>
    <Text Key="MessageBoxOk" Text="OK" Comment="OK" />
    <Text Key="MessageBoxCancel" Text="Annulla" Comment="Cancel" />
    <Text Key="MessageBoxRetry" Text="Riprova" Comment="Retry" />
    <Text Key="MessageBoxIgnore" Text="Ignora" Comment="Ignore" />
    <Text Key="MessageBoxAbort" Text="Annulla" Comment="Abort" />
    <Text Key="MessageBoxYes" Text="Si" Comment="Yes" />
    <Text Key="MessageBoxNo" Text="No" Comment="No" />
    <Text Key="ComicRackOODText" Text="Questo script necessita di una versione di ComicRack più recente. Scarica e installa la'ultima versione dal sito di ComicRack e riprova." Comment="This script requires a newer version of ComicRack in order to run properly.  Please download and install the latest version from the ComicRack website, and then try again." />
    <Text Key="ComicRackOODTitle" Text="Aggiornamento di ComicRack necessario" Comment="ComicRack Update Required" />
    <Text Key="SeriesSearchFailedTitle" Text="Ricerca fallita" Comment="Search Failed" />
    <Text Key="SeriesSearchFailedText" Text="Non riesco a trovare nessun Album corrispondente a:\n\n     '{0}'\n\nAssicurati che tutti i termini di ricerca siano indicati corretamente! Le ricerche dovrebbero includere parte del Titolo (o tutto), ma NON il Numero, l'Editore, la data, i dati di scan, ecc." Comment="Couldn't find any comic books that match the search terms:\n\n     '{0}'\n\nBe sure that all search terms are spelled correctly!  Searches should include part (or all) of a comic book's title, but NOT its issue number, publisher, publication date, etc." />
    <Text Key="NoIssuesAvailableTitle" Text="La Serie non ha Album" Comment="Series has No Issues" />
    <Text Key="NoIssuesAvailableText" Text="Hai selezionato '{0}'.\n\nQuesta Serie non può essere visulaizzata perchè non esiste nel database di Comic Vine.\n\nPuoi aggiungerla su: http://comicvine.com/" Comment="You selected '{0}'.\n\nThis series cannot be displayed because it does not contain any issues in the Comic Vine database.\n\nYou can add missing issues at: http://comicvine.com/" />
    <Text Key="SearchProgbarText" Text="Ricerca in Comic Vine ({0} trovati)" Comment="Searching Comic Vine ({0} matches)" />
    <Text Key="IssuesProgbarText" Text="Caricamento Dettagli Serie ({0}% completato)" Comment="Loading Series Details ({0}% complete)" />
    <Text Key="ComicFormUnknown" Text="sconosciuto" Comment="unknown" />
    <Text Key="ComicFormVolume" Text="Vol." Comment="Vol." />
    <Text Key="ComicFormScrapingLabel" Text="Recupero dati:" Comment="Scraping:  " />
    <Text Key="ComicFormCancelButton" Text="Annulla ({0} rimasti)" Comment="Cancel ({0} remaining)" />
    <Text Key="ConfigFormTitle" Text="Impostazione Comic Vine Scraper" Comment="Comic Vine Scraper Settings" />
    <Text Key="ConfigFormOK" Text="OK" Comment="OK" />
    <Text Key="ConfigFormRestore" Text="Ripristina Default" Comment="Restore Defaults" />
    <Text Key="ConfigFormCancel" Text="Annulla" Comment="Cancel" />
    <Text Key="ConfigFormDetailsTab" Text="Dettagli" Comment="Details" />
    <Text Key="ConfigFormDetailsText" Text="Scegli quali dettagli vuoi aggiornare:" Comment="Choose which details you want to update:" />
    <Text Key="ConfigFormDetailsAll" Text="Seleziona Tutti" Comment="Select All" />
    <Text Key="ConfigFormDetailsNone" Text="Deseleziona Tutti" Comment="Select None" />
    <Text Key="ConfigFormSeriesCB" Text="Serie" Comment="Series" />
    <Text Key="ConfigFormNumberCB" Text="Numero" Comment="Number" />
    <Text Key="ConfigFormMonthCB" Text="Mese" Comment="Month" />
    <Text Key="ConfigFormTitleCB" Text="Titolo" Comment="Title" />
    <Text Key="ConfigFormAltSeriesCB" Text="Serie Alternativa" Comment="Alternate Series" />
    <Text Key="ConfigFormWriterCB" Text="Autore" Comment="Writer" />
    <Text Key="ConfigFormPencillerCB" Text="Disegnatore" Comment="Penciller" />
    <Text Key="ConfigFormInkerCB" Text="Chine" Comment="Inker" />
    <Text Key="ConfigFormCoverCB" Text="Copertina" Comment="Cover Artist" />
    <Text Key="ConfigFormColoristCB" Text="Colore" Comment="Colorist" />
    <Text Key="ConfigFormLettererCB" Text="Lettering" Comment="Letterer" />
    <Text Key="ConfigFormEditorCB" Text="Curatore" Comment="Editor" />
    <Text Key="ConfigFormSummaryCB" Text="Sommario" Comment="Summary" />
    <Text Key="ConfigFormYearCB" Text="Anno" Comment="Year" />
    <Text Key="ConfigFormImprintCB" Text="Collana" Comment="Imprint" />
    <Text Key="ConfigFormPublisherCB" Text="Editore" Comment="Publisher" />
    <Text Key="ConfigFormVolumeCB" Text="Volume" Comment="Volume" />
    <Text Key="ConfigFormCharactersCB" Text="Personaggi" Comment="Characters" />
    <Text Key="ConfigFormTeamsCB" Text="Gangs" Comment="Teams" />
    <Text Key="ConfigFormLocationsCB" Text="Ubicazione" Comment="Locations" />
    <Text Key="ConfigFormWebCB" Text="Pagina Web" Comment="Webpage" />
    <Text Key="ConfigFormRatingCB" Text="Valutazione" Comment="Rating" />
    <Text Key="ConfigFormBehaviourTab" Text="Comportamento" Comment="Behaviour" />
    <Text Key="ConfigFormRescrapeTab" Text="Ri-lanciare la Ricerca" Comment="Rescraping" />
    <Text Key="ConfigFormRescrapeCB" Text="Utilizza le impostazioni precedenti recuperando i dati per un Album" Comment="Use previous choice when 'rescraping' comics" />
    <Text Key="ConfigFormRescrapeTagsCB" Text="Salva la scelta in 'Tags'" Comment="Save that choice in 'Tags'" />
    <Text Key="ConfigFormRescrapeNotesCB" Text="Salva la scelta nelle 'Note'" Comment="Save that choice in 'Notes'" />
    <Text Key="ConfigFormAskGroupsCB" Text="Se gli Album selezionati appartengono alla stessa Serie, conferma i dati solo per il primo Numero" Comment="When several comics appear to be from the same series, only confirm the series for the first one" />
    <Text Key="ConfigFormConfirmSeriesCB" Text="Conferma ogni Serie prima di cercarne i dati" Comment="Confirm each series name before searching for it" />
    <Text Key="ConfigFormDisplayCoversCB" Text="Se possibile, visualizza le Copertine degli Album" Comment="When possible, display comic book cover images" />
    <Text Key="ConfigFormShowWelcomeCB" Text="Mostra il dialogo di partenza prima di iniziare" Comment="Show initialization dialog before scraping" />
    <Text Key="ConfigFormShowSummaryCB" Text="Mostra un sommario delle attività al termine" Comment="Show summary message when finished scraping" />
    <Text Key="ConfigFormDataTab" Text="Dati" Comment="Data" />
    <Text Key="ConfigFormImprintsCB" Text="Trasforma Collana in Editore" Comment="Convert scraped imprints to parent publisher" />
    <Text Key="ConfigFormOverwriteCB" Text="Permetti di sovrascrivere i valori esistenti" Comment="Allow scraper to overwrite existing values in comics" />
    <Text Key="ConfigFormOverwriteEmptyCB" Text="...solo se i nuovi valori sono &quot;blank&quot;" Comment="...except when the new values would be empty" />
    <Text Key="ConfigFormFilelessCB" Text="Aggiorna le Miniature per gli Album &quot;senza file&quot;" Comment="Update thumbnails for fileless comics" />
    <Text Key="ConfigFormFilelessOverwriteCB" Text="...solo se esistono già delle Miniature" Comment="...except when they already have thumbnails" />
    <Text Key="FinishFormTitle" Text="Comic Vine Scraper - v{0}" Comment="Comic Vine Scraper - v{0}" />
    <Text Key="FinishFormScrapedSingle" Text="Dettagli recuperati per 1 Album." Comment="Scraped details for 1 comic book." />
    <Text Key="FinishFormScrapedPlural" Text="Dettagli recuperati per {0} Album" Comment="Scraped details for {0} comic books." />
    <Text Key="FinishFormSkippedSingle" Text="Saltato1 Album." Comment="Skipped 1 comic book." />
    <Text Key="FinishFormSkippedPlural" Text="Saltati {0} Album" Comment="Skipped {0} comic books." />
    <Text Key="IssueCoverPanelSearching" Text="Ricerca di altre Coperitne..." Comment="Searching for more covers..." />
    <Text Key="IssueCoverPanelSingle" Text="Numero {0}  -  Copertina Singola" Comment="Issue {0}  -  Single Cover" />
    <Text Key="IssueCoverPanelPlural" Text="Numero {0}  -  Copertina {1} di {2}" Comment="Issue {0}  -  Cover {1} of {2}" />
    <Text Key="LogDBErrorTitle" Text="Impossibile accedere al Database Online" Comment="Cannot Access Online Database" />
    <Text Key="LogDBErrorText" Text="Il database online {0} non è raggiungibile al momento. Questo potrebbe essere dovuto ad un errore tecnico del sito del database, oppure ad un problema con la tua connessione ad Internet.\n\nRiprova più tardi." Comment="The {0} online database could not be reached.  This may be due to a temporary technical error with the database, or there may be a problem with your internet connection.\n\nPlease try again later." />
    <Text Key="LogErrorTitle" Text="Errore inaspettato" Comment="Unexpected Error" />
    <Text Key="LogErrorText" Text="E' stato riportato un errore inaspettato. Vuoi salvare un file di log con più dettagli esplicativi ?" Comment="An unexpected error occurred.  Would you like to save a log file with more details about this problem?" />
    <Text Key="LogSaveTitle" Text="Salva il file di Log" Comment="Save Log File" />
    <Text Key="LogSaveFilter" Text="Tutti i File (*.*)" Comment="All Files (*.*)" />
    <Text Key="LogSavedTitle" Text="Log File registrato" Comment="Saved Log File" />
    <Text Key="LogSavedText" Text="Un file di log per questo errore è stato creato. Per favore, considera di inviarlo come report dell'errore al sito di Comic Vine scraper." Comment="A log file for this error has been saved.  Please consider reporting this incident (and submitting the log file) to the issue tracker on the main Comic Vine Scraper website." />
    <Text Key="LogSaveFailedText" Text="Errore nel salvataggio del Log." Comment="Error saving debug log." />
    <Text Key="SearchFormTitle" Text="Cerca un Album" Comment="Search for a Comic Book" />
    <Text Key="SearchFormText" Text="Cerca nel database degli Album per::" Comment="Search the comic book database for:" />
    <Text Key="SearchFormSearch" Text="Cerca" Comment="Search" />
    <Text Key="SearchFormSkip" Text="Salta" Comment="Skip" />
    <Text Key="SearchFormCancel" Text="Annulla" Comment="Cancel" />
    <Text Key="IssueFormTitle" Text="Scgeli un Album" Comment="Choose a Comic Book Issue" />
    <Text Key="IssueFormOK" Text="OK" Comment="OK" />
    <Text Key="IssueFormSkip" Text="Salta" Comment="Skip" />
    <Text Key="IssueFormGoBack" Text="Indietro" Comment="Go Back" />
    <Text Key="IssueFormSeriesCol" Text="Serie" Comment="Series" />
    <Text Key="IssueFormIssueCol" Text="Numero" Comment="Issue" />
    <Text Key="IssueFormChooseText" Text="Per favore seleziona l'Album corretto dalla lista seguente." Comment="Please choose the correct issue from the following list." />
    <Text Key="IssueFormChooseUnknownText" Text="Non riesco ad identificare correttamente la Serie di questo Album. Selezionane una da questa lista." Comment="Could not automatically identify the correct issue for this comic.  Please choose an issue from the following list." />
    <Text Key="SeriesFormTitle" Text="Scegli una Serie" Comment="Choose a Comic Book Series" />
    <Text Key="SeriesFormSeriesCol" Text="Serie" Comment="Series" />
    <Text Key="SeriesFormYearCol" Text="Anno" Comment="Year" />
    <Text Key="SeriesFormIssuesCol" Text="Album" Comment="Issues" />
    <Text Key="SeriesFormPublisherCol" Text="Editore" Comment="Publisher" />
    <Text Key="SeriesFormOK" Text="OK" Comment="OK" />
    <Text Key="SeriesFormSkip" Text="Salta" Comment="Skip" />
    <Text Key="SeriesFormAgain" Text="Cerca ancora" Comment="Search Again" />
    <Text Key="SeriesFormIssues" Text="Mostra Album" Comment="Show Issues" />
    <Text Key="SeriesFormChooseText" Text="Cercato '{0}' e trovate {1} Serie.  Selezionane una dalla lista qui sotto, o clicca 'Salta' per recuperarne i dati in seguito." Comment="Searched for '{0}' and found {1} matching series.  Please choose one from the list below, or click 'Skip' to scrape this comic later." />
    <Text Key="SeriesFormConfirmText" Text="Cercato '{0}' e trovata una Serie.  Clicca 'OK' per confermare o clicca 'Salta' per recuperarne i dati in seguito." Comment="Searched for '{0}' and found one matching series.  Click 'OK' to confirm that this is correct, or click 'Skip' to scrape this comic later." />
    <Text Key="SeriesFormShowArt" Text="Mostra Copretina della Serie" Comment="Show Series Art" />
    <Text Key="WelcomeFormTextSingle" Text="Stai per scaricare ed aggiornare i dati per 1 Album.\n\nClick &quot;Inizio Recupero Dati...&quot; per iniziare." Comment="You are about to download and store details for 1 comic book.\n\nClick 'Start Scraping...' to begin." />
    <Text Key="WelcomeFormTextPlural" Text="Stai per scaricare ed aggiornare i dati per {0} Album.\n\nClick &quot;Inizio Recupero Dati...&quot; per iniziare." Comment="You are about to download and store details for {0} comic books.\n\nClick 'Start Scraping...' to begin." />
    <Text Key="WelcomeFormStart" Text="Inizio recupero dati..." Comment="Start Scraping..." />
    <Text Key="WelcomeFormCancel" Text="Annulla" Comment="Cancel" />
    <Text Key="WelcomeFormSettings" Text="Impostazioni..." Comment="Settings..." />
  </Texts>
</TR>