<?xml version="1.0"?>
<TR xmlns:xsi="http://www.w3.org/2001/XMLSchema-instance" xmlns:xsd="http://www.w3.org/2001/XMLSchema" Name="Script.ComicVineScraper" CultureName="pl">
  <Texts>
    <Text Key="MessageBoxOk" Text="OK" Comment="OK" />
    <Text Key="MessageBoxCancel" Text="Anuluj" Comment="Cancel" />
    <Text Key="MessageBoxRetry" Text="Ponów" Comment="Retry" />
    <Text Key="MessageBoxIgnore" Text="Ignoruj" Comment="Ignore" />
    <Text Key="MessageBoxAbort" Text="Przerwij" Comment="Abort" />
    <Text Key="MessageBoxYes" Text="Tak" Comment="Yes" />
    <Text Key="MessageBoxNo" Text="Nie" Comment="No" />
    <Text Key="ComicRackOODText" Text="Ten skrypt wymaga nowszej wersji ComicRack do poprawnego działania. Proszę pobrać i zanistalować najnowszą wersję ze strony ComicRack i spróbować ponownie." Comment="This script requires a newer version of ComicRack in order to run properly.  Please download and install the latest version from the ComicRack website, and then try again." />
    <Text Key="ComicRackOODTitle" Text="Wymagana Aktualizacja ComicRack" Comment="ComicRack Update Required" />
    <Text Key="SeriesSearchFailedTitle" Text="Wyszukiwanie nie powiodło się" Comment="Search Failed" />
    <Text Key="SeriesSearchFailedText" Text="Nie odnaleziono komiksów pasujących do wyszukiwanej frazy:\n\n     '{0}'\n\nUpewnij się, że podane frazy są porawnie przeliterowane! Słowa powiny zawierać część (lub całość) tytułu komisku ale NIE Numeru, Wydawcy, Roku publukacji, itp." Comment="Couldn't find any comic books that match the search terms:\n\n     '{0}'\n\nBe sure that all search terms are spelled correctly!  Searches should include part (or all) of a comic book's title, but NOT its issue number, publisher, publication date, etc." />
    <Text Key="NoIssuesAvailableTitle" Text="Seria nie posiada żadnych Numerów" Comment="Series has No Issues" />
    <Text Key="NoIssuesAvailableText" Text="Wybrałeś '{0}'.\n\nTa Seria nie może być wyświetlona ponieważ Comic Vine nie zawiera jej Numerów w swojej bazie.\n\nMożesz dodać brakujące Numery odwiedzając http://comicvine.com/" Comment="You selected '{0}'.\n\nThis series cannot be displayed because it does not contain any issues in the Comic Vine database.\n\nYou can add missing issues at: http://comicvine.com/" />
    <Text Key="SearchProgbarText" Text="Szukanie w Comic Vine ({0} trafnych)" Comment="Searching Comic Vine ({0} matches)" />
    <Text Key="IssuesProgbarText" Text="Pobieranie Info Serii (ukończono {0}%)" Comment="Loading Series Details ({0}% complete)" />
    <Text Key="ComicFormUnknown" Text="nieznane" Comment="unknown" />
    <Text Key="ComicFormVolume" Text="Tom" Comment="Vol." />
    <Text Key="ComicFormScrapingLabel" Text="Pobieranie:  " Comment="Scraping:  " />
    <Text Key="ComicFormCancelButton" Text="Anuluj ({0} pozostało)" Comment="Cancel ({0} remaining)" />
    <Text Key="ConfigFormTitle" Text="Ustawienia Comic Vine Scraper" Comment="Comic Vine Scraper Settings" />
    <Text Key="ConfigFormOK" Text="OK" Comment="OK" />
    <Text Key="ConfigFormRestore" Text="Przywróć Domyślne" Comment="Restore Defaults" />
    <Text Key="ConfigFormCancel" Text="Anuluj" Comment="Cancel" />
    <Text Key="ConfigFormDetailsTab" Text="Info" Comment="Details" />
    <Text Key="ConfigFormDetailsText" Text="Wybierz które pola chcesz aktualizować:" Comment="Choose which details you want to update:" />
    <Text Key="ConfigFormDetailsAll" Text="Wszystkie" Comment="Select All" />
    <Text Key="ConfigFormDetailsNone" Text="Żadne" Comment="Select None" />
    <Text Key="ConfigFormSeriesCB" Text="Seria" Comment="Series" />
    <Text Key="ConfigFormNumberCB" Text="Numer (Rozdział)" Comment="Number" />
    <Text Key="ConfigFormTitleCB" Text="Tytuł" Comment="Title" />
    <Text Key="ConfigFormCrossoversCB" Text="Crossovers" Comment="Crossovers"/> <!-- TRANSLATE -->
    <Text Key="ConfigFormWriterCB" Text="Scenarzysta" Comment="Writer" />
    <Text Key="ConfigFormPencillerCB" Text="Rysownik" Comment="Penciller" />
    <Text Key="ConfigFormInkerCB" Text="Osoba - Tusz" Comment="Inker" />
    <Text Key="ConfigFormCoverCB" Text="Autor Okładki" Comment="Cover Artist" />
    <Text Key="ConfigFormColoristCB" Text="Osoba - Kolory" Comment="Colorist" />
    <Text Key="ConfigFormLettererCB" Text="Osoba - Napisy" Comment="Letterer" />
    <Text Key="ConfigFormEditorCB" Text="Edytor" Comment="Editor" />
    <Text Key="ConfigFormSummaryCB" Text="Podsumowanie" Comment="Summary" />
    <Text Key="ConfigFormPublishedCB" Text="Data Publikacji" Comment="Published Date" />
    <Text Key="ConfigFormReleasedCB" Text="Data Wydania" Comment="Released Date" />
    <Text Key="ConfigFormImprintCB" Text="Imprint" Comment="Imprint" />
    <Text Key="ConfigFormPublisherCB" Text="Wydawca" Comment="Publisher" />
    <Text Key="ConfigFormVolumeCB" Text="Tom" Comment="Volume" />
    <Text Key="ConfigFormCharactersCB" Text="Postacie" Comment="Characters" />
    <Text Key="ConfigFormTeamsCB" Text="Drużyny" Comment="Teams" />
    <Text Key="ConfigFormLocationsCB" Text="Lokalizacje" Comment="Locations" />
    <Text Key="ConfigFormWebCB" Text="Strona WWW" Comment="Webpage" />
    <Text Key="ConfigFormBehaviourTab" Text="Zachowanie" Comment="Behaviour" />
    <Text Key="ConfigFormFirstScrapeLabel" Text="W trakcie pobierania info o komiksie po raz pierwszy..." Comment="When scraping comics for the first time..." />
	  <Text Key="ConfigFormAutochooseSeriesCB" Text="spróbuj wybrać właściwy numer komiksu automatycznie"  Comment="try to choose the correct series automatically"/>
	  <Text Key="ConfigFormConfirmIssueCB" Text="zatwierdź każdy numer komiksu przed zapisaniem informacji"  Comment="confirm each issue before proceeding"/>
    <Text Key="ConfigFormShowSummaryCB" Text="Pokaż podsumowanie po zakończonym pobieraniu info" Comment="Show summary message when finished scraping" />
    <Text Key="ConfigFormRescrapeCB" Text="W razie ponownej próby pobrania info o komiksie, użyj poprzedniego wyboru" Comment="When 'rescraping' comics, use your previous choice"/>
    <Text Key="ConfigFormRescrapeTagsCB" Text="Zapisz wybór w Tagach" Comment="Save that choice in 'Tags'" />
    <Text Key="ConfigFormRescrapeNotesCB" Text="Zapisz wybór w Notatkach" Comment="Save that choice in 'Notes'" />
    <Text Key="ConfigFormDataTab" Text="Dane" Comment="Data" />
    <Text Key="ConfigFormImprintsCB" Text="Zamień Imprinty na Wydawców" Comment="Convert scraped imprints to parent publisher" />
    <Text Key="ConfigFormOverwriteCB" Text="Pozwól by Scraper nadpisywał istniejące wartości" Comment="Allow scraper to overwrite existing values in comics" />
    <Text Key="ConfigFormOverwriteEmptyCB" Text="...z wyjątkiem gdy nowe wartości byłyby puste" Comment="...except when the new values would be empty" />
    <Text Key="ConfigFormFilelessCB" Text="Aktualizuj miniatury Pustych komiksów" Comment="Update thumbnails for fileless comics" />
    <Text Key="ConfigFormFilelessOverwriteCB" Text="...ale nie, jesli już je mają" Comment="...except when they already have thumbnails" />
    <Text Key="ConfigFormAdvancedTab" Text="Advanced" Comment="Advanced"/> <!-- TRANSLATE -->
    <Text Key="ConfigFormAdvancedText" Text="Enter advanced settings in the space below:" Comment="Enter advanced settings in the space below:"/> <!-- TRANSLATE -->
    <Text Key="FinishFormTitle" Text="Comic Vine Scraper - v{0}" Comment="Comic Vine Scraper - v{0}" />
    <Text Key="FinishFormScrapedSingle" Text="Pobrano info dla jednego komiksu." Comment="Scraped details for 1 comic book." />
    <Text Key="FinishFormScrapedPlural" Text="Pobrano info dla {0} komiksów." Comment="Scraped details for {0} comic books." />
    <Text Key="FinishFormSkippedSingle" Text="Pominięto jeden komiks." Comment="Skipped 1 comic book." />
    <Text Key="FinishFormSkippedPlural" Text="Pominięto {0} komiksów." Comment="Skipped {0} comic books." />
    <Text Key="IssueCoverPanelSingle" Text="Numer {0}" Comment="Issue {0}  -  Single Cover" />
    <Text Key="IssueCoverPanelPlural" Text="Numer {0}  -  Okładka {1} z {2}" Comment="Issue {0}  -  Cover {1} of {2}" />
    <Text Key="LogDBErrorTitle" Text="Brak dostępu do Bazy Danych online" Comment="Cannot Access Online Database" />
    <Text Key="LogDBErrorText" Text="{0} - baza danych nie jest osiągalna. Może to być spowodowane czasowym błędem bazy lub problemem z twoim połączeniem internetowym.\n\nSpróbój ponownie później." Comment="The {0} online database could not be reached.  This may be due to a temporary technical error with the database, or there may be a problem with your internet connection.\n\nPlease try again later." />
    <Text Key="LogErrorTitle" Text="Niespodziewany Błąd" Comment="Unexpected Error" />
    <Text Key="LogErrorText" Text="Wystąpił niespodziewany błąd. Czy chciałbyś zapisać szczegółowy log tego problemu do pliku?" Comment="An unexpected error occurred.  Would you like to save a log file with more details about this problem?" />
    <Text Key="LogSaveTitle" Text="Zapisz Plik z Logiem" Comment="Save Log File" />
    <Text Key="LogSaveFilter" Text="Wszystkie Pliki (*.*)" Comment="All Files (*.*)" />
    <Text Key="LogSavedTitle" Text="Zapisano Plik z Logiem" Comment="Saved Log File" />
    <Text Key="LogSavedText" Text="Zalogowano ten błąd do pliku. Rozważ, proszę, zgłoszenie tego wydarzenia (i wysłanie pliku z logiem) do trackera na głównej stronie Comic Vine Scraper." Comment="A log file for this error has been saved.  Please consider reporting this incident (and submitting the log file) to the issue tracker on the main Comic Vine Scraper website." />
    <Text Key="LogSaveFailedText" Text="Błąd przy zapisie loga." Comment="Error saving debug log." />
    <Text Key="SearchFormTitle" Text="Szukaj Komiksu" Comment="Search for a Comic Book" />
    <Text Key="SearchFormText" Text="Szukaj w bazie danych Comic Vine komiksu:" Comment="Search the comic book database for:" />
    <Text Key="SearchFormSearch" Text="Szukaj" Comment="Search" />
    <Text Key="SearchFormSkip" Text="Pomiń" Comment="Skip" />
    <Text Key="SearchFormCancel" Text="Anuluj" Comment="Cancel" />
    <Text Key="IssueFormTitle" Text="Wybierz Numer Komiksu" Comment="Choose a Comic Book Issue" />
    <Text Key="IssueFormOK" Text="OK" Comment="OK" />
    <Text Key="IssueFormSkip" Text="Pomiń" Comment="Skip" />
    <Text Key="IssueFormGoBack" Text="Wróć" Comment="Go Back" />
    <Text Key="IssueFormTitleCol" Text="Tytuł" Comment="Title" />
    <Text Key="IssueFormIssueCol" Text="Numer" Comment="Issue" />
    <Text Key="SeriesFormTitle" Text="Wybierz Serię Komiksu" Comment="Choose a Comic Book Series" />
    <Text Key="SeriesFormSeriesCol" Text="Seria" Comment="Series" />
    <Text Key="SeriesFormYearCol" Text="Rok" Comment="Year" />
    <Text Key="SeriesFormIssuesCol" Text="Numery" Comment="Issues" />
    <Text Key="SeriesFormPublisherCol" Text="Wydawca" Comment="Publisher" />
    <Text Key="SeriesFormOK" Text="OK" Comment="OK" />
    <Text Key="SeriesFormSkip" Text="Pomiń" Comment="Skip" />
    <Text Key="SeriesFormAgain" Text="Szukaj Ponownie" Comment="Search Again" />
    <Text Key="SeriesFormIssues" Text="Pokaż Numery" Comment="Show Issues" />
    <Text Key="SeriesFormChooseText" Text="Szukano frazy '{0}' i znaleziono {1} pasujących Serii.\nProszę wybrać jedną z poniższej listy lub kliknąć Pomiń." Comment="Searched for '{0}' and found {1} matching series.  Please choose one from the list below, or click 'Skip' to scrape this comic later." />
    <Text Key="SeriesFormConfirmText" Text="Szukano frazy '{0}' i znaleziono jedną pasującą Serię.\nKliknij OK by zatwierdzić poprawność lub Pomiń." Comment="Searched for '{0}' and found one matching series.  Click 'OK' to confirm that this is correct, or click 'Skip' to scrape this comic later." />
    <Text Key="SeriesFormShowArt" Text="Pokaż Obrazy Serii" Comment="Show Series Art" />
    <Text Key="WelcomeFormTextSingle" Text="Zamierzasz pobrać i zachować info dla jednego komiksu.\n\nKliknij 'Rozpocznij'" Comment="You are about to download and store details for 1 comic book.\n\nClick 'Start Scraping...' to begin." />
    <Text Key="WelcomeFormTextPlural" Text="Zamierzasz pobrać i zachować info dla {0} komiksów.\n\nKliknij 'Rozpocznij'" Comment="You are about to download and store details for {0} comic books.\n\nClick 'Start Scraping...' to begin." />
    <Text Key="WelcomeFormStart" Text="Rozpocznij pobieranie..." Comment="Start Scraping..." />
    <Text Key="WelcomeFormCancel" Text="Anuluj" Comment="Cancel" />
    <Text Key="WelcomeFormSettings" Text="Ustawienia..." Comment="Settings..." />
  </Texts>
</TR>