<?xml version="1.0"?>
<TR xmlns:xsd="http://www.w3.org/2001/XMLSchema" xmlns:xsi="http://www.w3.org/2001/XMLSchema-instance" Name="Script.ComicVineScraper" CultureName="nl-NL">
  <Texts>
    <Text Key="MessageBoxOk" Text="Ok" Comment="OK" />
    <Text Key="MessageBoxCancel" Text="Annuleer" Comment="Cancel" />
    <Text Key="MessageBoxRetry" Text="Herhaal" Comment="Retry" />
    <Text Key="MessageBoxIgnore" Text="Negeer" Comment="Ignore" />
    <Text Key="MessageBoxAbort" Text="Annuleren" Comment="Abort" />
    <Text Key="MessageBoxYes" Text="Ja" Comment="Yes" />
    <Text Key="MessageBoxNo" Text="Nee" Comment="No" />
    <Text Key="TextCut" Text="Knippen" Comment="Cut"/>
	  <Text Key="TextCopy" Text="Kopieer" Comment="Copy"/>
	  <Text Key="TextPaste" Text="Plakken" Comment="Paste"/>
    <Text Key="ComicRackOODText" Text="Dit script vereist een nieuwere versie van ComicRack voor een correcte werking.  Download en installeer de laatste versie van de ComicRack website, en probeer dan opnieuw." Comment="This script requires a newer version of ComicRack in order to run properly.  Please download and install the latest version from the ComicRack website, and then try again." />
    <Text Key="ComicRackOODTitle" Text="ComicRack Update Vereist" Comment="ComicRack Update Required" />
    <Text Key="SeriesSearchFailedTitle" Text="Het zoeken faalde" Comment="Search Failed" />
    <Text Key="NoIssuesAvailableTitle" Text="Reeks heeft geen albums" Comment="Series has No Issues" />
    <Text Key="NoIssuesAvailableText" Text="U selecteerde '{0}'.\n\nDeze reeks kan echter niet weergegeven worden omdat er geen albums voor bestaan in de 'Comic Vine' database.\n\nJe kunt ontbrekende albums eventueel toevoegen op: http://comicvine.com/" Comment="You selected '{0}'.\n\nThis series cannot be displayed because it does not contain any issues in the Comic Vine database.\n\nYou can add missing issues at: http://comicvine.com/" />
    <Text Key="SearchProgbarText" Text="Zoekend in Comic Vine ({0} overeenkomsten)" Comment="Searching Comic Vine ({0} matches)" />
    <Text Key="IssuesProgbarText" Text="Laden van Reeksdetails ({0}% compleet)" Comment="Loading Series Details ({0}% complete)" />
    <Text Key="ComicFormUnknown" Text="onbekend" Comment="unknown" />
    <Text Key="ComicFormVolume" Text="Vol." Comment="Vol." />
    <Text Key="ComicFormScrapingLabel" Text="Schrapen van:  " Comment="Scraping:  " />
    <Text Key="ComicFormCancelButton" Text="Annuleer ({0} overige)" Comment="Cancel ({0} remaining)" />
    <Text Key="ConfigFormTitle" Text="Comic Vine Schraper Instellingen" Comment="Comic Vine Scraper Settings" />
    <Text Key="ConfigFormOK" Text="Ok" Comment="OK" />
    <Text Key="ConfigFormRestore" Text="Herstel Standaardwaarden" Comment="Restore Defaults" />
    <Text Key="ConfigFormCancel" Text="Annuleer" Comment="Cancel" />
    <Text Key="ConfigFormComicVineText" Text="Om de Comic Vine Scraper te kunnen gebruiken is een gratis API sleutel nodig van Comic Vine. Voer uw API sleutel hieronder in. Zonder deze sleutel valt de scraper niet te gebruiken." Comment="In order to use Comic Vine Scraper, you must obtain a free API key from Comic Vine. Enter your API key in the space below.  You won't be able to continue until you do this."/>
    <Text Key="ConfigFormComicVineClickHere" Text="Druk hier om een Comic Vine API sleutel te registeren" Comment="Click here to register for a Comic Vine API key"/>
    <Text Key="ConfigFormDetailsTab" Text="Details" Comment="Details" />
    <Text Key="ConfigFormDetailsText" Text="Kies welke details je wil bijwerken:" Comment="Choose which details you want to update:" />
    <Text Key="ConfigFormDetailsAll" Text="Alles aanvinken" Comment="Select All" />
    <Text Key="ConfigFormDetailsNone" Text="Selecteer niets" Comment="Select None" />
    <Text Key="ConfigFormSeriesCB" Text="Reeks" Comment="Series" />
    <Text Key="ConfigFormNumberCB" Text="Nummer" Comment="Number" />
    <Text Key="ConfigFormPublishedCB" Text="Publicatiedatum" Comment="Published Date" />
    <Text Key="ConfigFormTitleCB" Text="Titel" Comment="Title" />
    <Text Key="ConfigFormCrossoversCB" Text="Crossovers" Comment="Crossovers" />
    <Text Key="ConfigFormWriterCB" Text="Schrijver" Comment="Writer" />
    <Text Key="ConfigFormPencillerCB" Text="Tekenaar" Comment="Penciller" />
    <Text Key="ConfigFormInkerCB" Text="Inkter" Comment="Inker" />
    <Text Key="ConfigFormCoverCB" Text="Voorkaft artist(en)" Comment="Cover Artist" />
    <Text Key="ConfigFormColoristCB" Text="Inkleurder" Comment="Colorist" />
    <Text Key="ConfigFormLettererCB" Text="Letteraar" Comment="Letterer" />
    <Text Key="ConfigFormEditorCB" Text="Editor" Comment="Editor" />
    <Text Key="ConfigFormSummaryCB" Text="Samenvatting:" Comment="Summary" />
    <Text Key="ConfigFormImprintCB" Text="Imprint" Comment="Imprint" />
    <Text Key="ConfigFormPublisherCB" Text="Uitgever" Comment="Publisher" />
    <Text Key="ConfigFormVolumeCB" Text="Jaargang" Comment="Volume" />
    <Text Key="ConfigFormCharactersCB" Text="Personages" Comment="Characters" />
    <Text Key="ConfigFormTeamsCB" Text="Teams" Comment="Teams" />
    <Text Key="ConfigFormLocationsCB" Text="Locaties" Comment="Locations" />
    <Text Key="ConfigFormWebCB" Text="Webpagina" Comment="Webpage" />
    <Text Key="ConfigFormBehaviourTab" Text="Gedrag" Comment="Behaviour" />
    <Text Key="ConfigFormFirstScrapeLabel" Text="Bij de 1ste schraping..." Comment="When scraping comics for the first time:" />
    <Text Key="ConfigFormAutochooseSeriesCB" Text="tracht de reeks automatisch te kiezen" Comment="try to choose the correct series automatically" />
    <Text Key="ConfigFormConfirmIssueCB" Text="bevestig elk album alvorens verder te gaan" Comment="confirm each issue before proceeding" />
    <Text Key="ConfigFormRescrapeCB" Text="Bij herschrapen van comics, gebruik de vorige keuze" Comment="When 'rescraping' comics, use your previous choice" />
    <Text Key="ConfigFormShowSummaryCB" Text="Toon samenvattingsbericht bij beëindiging van het schrapen." Comment="Show summary message when finished scraping" />
    <Text Key="ConfigFormRescrapeTagsCB" Text="Bewaar die keuze in 'Tags'" Comment="Save that choice in 'Tags'" />
    <Text Key="ConfigFormRescrapeNotesCB" Text="Bewaar die keuze in 'Notities'" Comment="Save that choice in 'Notes'" />
    <Text Key="ConfigFormDataTab" Text="Data" Comment="Data" />
    <Text Key="ConfigFormImprintsCB" Text="Verander geschraapte imprints naar de uitgever" Comment="Convert scraped imprints to parent publisher" />
    <Text Key="ConfigFormOverwriteCB" Text="Toestaan om bestaande waarden in albums te overschrijven" Comment="Allow scraper to overwrite existing values in comics" />
    <Text Key="ConfigFormOverwriteEmptyCB" Text="...behalve als de nieuwe waarde leeg zou zijn" Comment="...except when the new values would be empty" />
    <Text Key="ConfigFormFilelessCB" Text="Update miniaturen voor lege albums" Comment="Update thumbnails for fileless comics" />
    <Text Key="ConfigFormFilelessOverwriteCB" Text="...behalve als ze al een Miniatuur bezitten" Comment="...except when they already have thumbnails" />
    <Text Key="ConfigFormAdvancedTab" Text="Uitgebreid" Comment="Advanced" />
    <Text Key="ConfigFormAdvancedText" Text="Uitgebreide instellingen in ruimte hieronder ingeven:" Comment="Enter advanced settings in the space below:" />
    <Text Key="FinishFormTitle" Text="Comic Vine Schraper - v{0}" Comment="Comic Vine Scraper - v{0}" />
    <Text Key="FinishFormScrapedSingle" Text="Geschraapte details voor 1 stripalbum." Comment="Scraped details for 1 comic book." />
    <Text Key="FinishFormScrapedPlural" Text="Geschraapte details voor {0} stripalbums." Comment="Scraped details for {0} comic books." />
    <Text Key="FinishFormSkippedSingle" Text="1 stripalbum overgeslagen" Comment="Skipped 1 comic book." />
    <Text Key="FinishFormSkippedPlural" Text="{0} boeken overgeslagen." Comment="Skipped {0} comic books." />
    <Text Key="IssueCoverPanelSingle" Text="Album {0} - Eén Voorkaft" Comment="Issue {0}  -  Single Cover" />
    <Text Key="IssueCoverPanelPlural" Text="Album {0} - Voorkaft {1} van {2}" Comment="Issue {0}  -  Cover {1} of {2}" />
    <Text Key="IssueCoverPanelSeries" Text="Afbeelding Reeks" Comment="Series Art" />
    <Text Key="IssueCoverPanelSearching" Text="Album {0} (zoekend)" Comment="Issue {0} (searching)" />
    <Text Key="IssueCoverPanelSearchable" Text="Album {0} (meerdere)" Comment="Issue {0} (more covers)" />
    <Text Key="LogDBErrorTitle" Text="Online Database niet bereikbaar" Comment="Cannot Access Online Database" />
    <Text Key="LogDBErrorText" Text="De {0} online database kon niet bereikt worden.  Ofwel tengevolge een tijdelijk technisch probleem in de database, ofwel door een probleem met je internet connectie.\n\nProbeer later eens terug." Comment="The {0} online database could not be reached.  This may be due to a temporary technical error with the database, or there may be a problem with your internet connection.\n\nPlease try again later." />
    <Text Key="LogDBErrorRateText" Text="De {0} online database is onbereikbaar omdat u uw database toegangslimiet heeft bereikt. U zult een tijdje moeten wachten alvorens u de database weer kunt gebruiken.\n\nProbeer het later opnieuw." Comment="The {0} online database cannot be reached because you've exceeded your database access limit.  You'll have to wait a while before you can use the database again.\n\nPlease try again later."/>
    <Text Key="LogErrorTitle" Text="Onverwachte fout" Comment="Unexpected Error" />
    <Text Key="LogErrorText" Text="Een onverwachte fout trad op.  Wenst u een Logbestand op te slaan met meer details over dit probleem?" Comment="An unexpected error occurred.  Would you like to save a log file with more details about this problem?" />
    <Text Key="LogSaveTitle" Text="Bewaar Logbestand" Comment="Save Log File" />
    <Text Key="LogSaveFilter" Text="Alle Bestanden (*.*)" Comment="All Files (*.*)" />
    <Text Key="LogSavedTitle" Text="Logbestand werd opgeslagen" Comment="Saved Log File" />
    <Text Key="LogSavedText" Text="Voor deze fout werd een logbestand opgeslagen.  Overweeg aub om dit incident te melden aan (en het logbestand toe te zenden naar) de problemen-tracker op de Comic Vine schraper website." Comment="A log file for this error has been saved.  Please consider reporting this incident (and submitting the log file) to the issue tracker on the main Comic Vine Scraper website." />
    <Text Key="LogSaveFailedText" Text="Opslagfout 'debug log'." Comment="Error saving debug log." />
    <Text Key="SearchFormTitle" Text="Zoek naar een Stripalbum" Comment="Search for a Comic Book" />
    <Text Key="SearchFormText" Text="Doorzoek de stripalbumdatabase voor:" Comment="Search the comic book database for:" />
    <Text Key="SearchFormSearch" Text="Zoek" Comment="Search" />
    <Text Key="SearchFormSkip" Text="Sla over" Comment="Skip" />
    <Text Key="SearchFormCancel" Text="Annuleer" Comment="Cancel" />
    <Text Key="IssueFormTitle" Text="Kies een Stripalbum" Comment="Choose a Comic Book Issue" />
    <Text Key="IssueFormOK" Text="Ok" Comment="OK" />
    <Text Key="IssueFormSkip" Text="Sla over" Comment="Skip" />
    <Text Key="IssueFormGoBack" Text="Ga terug" Comment="Go Back" />
    <Text Key="IssueFormTitleCol" Text="Titel" Comment="Title" />
    <Text Key="IssueFormIssueCol" Text="Album" Comment="Issue" />
    <Text Key="IssueFormChooseText" Text="De volgende albums werden gevonden voor {0}.{1}Selecteer het overeenstemmende album." Comment="The following issues were found for {0}.{1}Please choose the issue that matches your comic." />
    <Text Key="SeriesFormTitle" Text="Kies een Stripreeks" Comment="Choose a Comic Book Series" />
    <Text Key="SeriesFormSeriesCol" Text="Reeks" Comment="Series" />
    <Text Key="SeriesFormYearCol" Text="Jaar" Comment="Year" />
    <Text Key="SeriesFormIssuesCol" Text="Albums" Comment="Issues" />
    <Text Key="SeriesFormPublisherCol" Text="Uitgever" Comment="Publisher" />
    <Text Key="SeriesFormOK" Text="Ok" Comment="OK" />
    <Text Key="SeriesFormSkip" Text="Sla over" Comment="Skip" />
    <Text Key="SeriesFormAgain" Text="Zoek opnieuw" Comment="Search Again" />
    <Text Key="SeriesFormIssues" Text="Toon de albums" Comment="Show Issues" />
    <Text Key="SeriesFormChooseText" Text="Gezocht naar '{0}' en {1} overeenstemmende reeksen gevonden.  Kies er een van de onderstaande lijst, of klik 'Sla over' voor een latere herschraping van dit album." Comment="Searched for '{0}' and found {1} matching series.  Please choose one from the list below, or click 'Skip' to scrape this comic later." />
    <Text Key="SeriesFormConfirmText" Text="Gezocht naar '{0}' en een overeenstemmende reeks gevonden.  Klik 'OK' ter bevestiging indien juist of klik 'Sla over' voor een latere herschraping van dit album." Comment="Searched for '{0}' and found one matching series.  Click 'OK' to confirm that this is correct, or click 'Skip' to scrape this comic later." />
    <Text Key="SeriesFormShowArt" Text="Toon Reeks Kunst" Comment="Show Series Art" />
    <Text Key="WelcomeFormTextSingle" Text="U gaat details ophalen en opslaan voor 1 stripalbum.\n\nKlik 'Start schrapen...' om te beginnen." Comment="You are about to download and store details for 1 comic book.\n\nClick 'Start Scraping...' to begin." />
    <Text Key="WelcomeFormTextPlural" Text="U gaat details ophalen en opslaan voor {0} stripalbums.\n\nKlik 'Start schrapen...' om te beginnen." Comment="You are about to download and store details for {0} comic books.\n\nClick 'Start Scraping...' to begin." />
    <Text Key="WelcomeFormStart" Text="Start schrapen..." Comment="Start Scraping..." />
    <Text Key="WelcomeFormCancel" Text="Annuleer" Comment="Cancel" />
    <Text Key="WelcomeFormSettings" Text="Instellingen..." Comment="Settings..." />
    <Text Key="SeriesSearchFailedText" Text="Geen enkel stripalbum kwam overeen met de zoektermen:\n\n     '{0}'\n\nControleer de spelling!  De zoekopdracht dient de titel volledig (of deels) te vermelden, maar NIET het albumnummer, de uitgever, de uitgiftedatum, etc." Comment="Couldn't find any comic books that match the search terms:\n\n     '{0}'\n\nBe sure that all search terms are spelled correctly!  Your search should include all (or part) of a comic book's title, but NOT its issue number, publisher, publication date, story arc, etc." />
    <Text Key="ConfigFormReleasedCB" Text="Releasedatum" Comment="Release Date" />
  </Texts>
</TR>