<?xml version="1.0"?>
<TR xmlns:xsi="http://www.w3.org/2001/XMLSchema-instance" xmlns:xsd="http://www.w3.org/2001/XMLSchema" Name="Script.ComicVineScraper" CultureName="pt-BR">
  <Texts>
    <Text Key="MessageBoxOk" Text="OK" Comment="OK" />
    <Text Key="MessageBoxCancel" Text="Cancelar" Comment="Cancel" />
    <Text Key="MessageBoxRetry" Text="Tentar Novamente" Comment="Retry" />
    <Text Key="MessageBoxIgnore" Text="Ignorar" Comment="Ignore" />
    <Text Key="MessageBoxAbort" Text="Abortar" Comment="Abort" />
    <Text Key="MessageBoxYes" Text="Sim" Comment="Yes" />
    <Text Key="MessageBoxNo" Text="Não" Comment="No" />
    <Text Key="ComicRackOODText" Text="O script requer uma versão mais nova do ComicRack para rodar apropriadamente.  Por favor baixe e instale a última versão do site do ComicRack, e então tente novamente." Comment="This script requires a newer version of ComicRack in order to run properly.  Please download and install the latest version from the ComicRack website, and then try again." />
    <Text Key="ComicRackOODTitle" Text="Atualização do ComicRack Requerida" Comment="ComicRack Update Required" />
    <Text Key="SeriesSearchFailedTitle" Text="Falha na Pesquisa" Comment="Search Failed" />
    <Text Key="SeriesSearchFailedText" Text="Não foi possível localizar nenhum resultado aos termos pesquisados:\n\n     '{0}'\n\nTenha certeza de que todos os termos foram escritos corretamente! As pesquisas devem incluir parte (ou todo) o título da HQ, mas NÃO seu número de edição, editora, data de publicação, etc." Comment="Couldn't find any comic books that match the search terms:\n\n     '{0}'\n\nBe sure that all search terms are spelled correctly!  Searches should include part (or all) of a comic book's title, but NOT its issue number, publisher, publication date, etc." />
    <Text Key="NoIssuesAvailableTitle" Text="Série Sem Edições" Comment="Series has No Issues" />
    <Text Key="NoIssuesAvailableText" Text="Você selecionou '{0}'.\n\nEsta série não pode ser mostrada porque não contem nenhuma edição no banco de dados do Comic Vine.\n\nVocê pode adicionar edições ausentes em: http://comicvine.com/" Comment="You selected '{0}'.\n\nThis series cannot be displayed because it does not contain any issues in the Comic Vine database.\n\nYou can add missing issues at: http://comicvine.com/" />
    <Text Key="SearchProgbarText" Text="Pesquisando Comic Vine ({0} Correspondências)" Comment="Searching Comic Vine ({0} matches)" />
    <Text Key="IssuesProgbarText" Text="Carregando Detalhes da Série ({0}% completos)" Comment="Loading Series Details ({0}% complete)" />
    <Text Key="ComicFormUnknown" Text="desconhecido" Comment="unknown" />
    <Text Key="ComicFormVolume" Text="Vol." Comment="Vol." />
    <Text Key="ComicFormScrapingLabel" Text="Lapidando:" Comment="Scraping:  " />
    <Text Key="ComicFormCancelButton" Text="Cancelar (faltando {0})" Comment="Cancel ({0} remaining)" />
    <Text Key="ConfigFormTitle" Text="Configurações do Comic Vine Scraper" Comment="Comic Vine Scraper Settings" />
    <Text Key="ConfigFormOK" Text="OK" Comment="OK" />
    <Text Key="ConfigFormRestore" Text="Restaurar Padrão" Comment="Restore Defaults" />
    <Text Key="ConfigFormCancel" Text="Cancelar" Comment="Cancel" />
    <Text Key="ConfigFormDetailsTab" Text="Detalhes" Comment="Details" />
    <Text Key="ConfigFormDetailsText" Text="Escolha quais detalhes você deseja atualizar:" Comment="Choose which details you want to update:" />
    <Text Key="ConfigFormDetailsAll" Text="Selecionar Tudo" Comment="Select All" />
    <Text Key="ConfigFormDetailsNone" Text="Selecionar Nenhum" Comment="Select None" />
    <Text Key="ConfigFormSeriesCB" Text="Série" Comment="Series" />
    <Text Key="ConfigFormNumberCB" Text="Número" Comment="Number" />
    <Text Key="ConfigFormMonthCB" Text="Mês" Comment="Month" />
    <Text Key="ConfigFormTitleCB" Text="Título" Comment="Title" />
    <Text Key="ConfigFormCrossoversCB" Text="Crossovers" Comment="Crossovers"/>
    <Text Key="ConfigFormWriterCB" Text="Escritor" Comment="Writer" />
    <Text Key="ConfigFormPencillerCB" Text="Desenhista" Comment="Penciller" />
    <Text Key="ConfigFormInkerCB" Text="Pintor" Comment="Inker" />
    <Text Key="ConfigFormCoverCB" Text="Artista da Capa" Comment="Cover Artist" />
    <Text Key="ConfigFormColoristCB" Text="Colorista" Comment="Colorist" />
    <Text Key="ConfigFormLettererCB" Text="Letrista" Comment="Letterer" />
    <Text Key="ConfigFormEditorCB" Text="Editor" Comment="Editor" />
    <Text Key="ConfigFormSummaryCB" Text="Sumário" Comment="Summary" />
    <Text Key="ConfigFormYearCB" Text="Ano" Comment="Year" />
    <Text Key="ConfigFormImprintCB" Text="Selo" Comment="Imprint" />
    <Text Key="ConfigFormPublisherCB" Text="Editora" Comment="Publisher" />
    <Text Key="ConfigFormVolumeCB" Text="Volume" Comment="Volume" />
    <Text Key="ConfigFormCharactersCB" Text="Personagens" Comment="Characters" />
    <Text Key="ConfigFormTeamsCB" Text="Equipes" Comment="Teams" />
    <Text Key="ConfigFormLocationsCB" Text="Locais" Comment="Locations" />
    <Text Key="ConfigFormWebCB" Text="Página Web" Comment="Webpage" />
    <Text Key="ConfigFormBehaviourTab" Text="Comportamento" Comment="Behaviour" />
    <Text Key="ConfigFormAskGroupsCB" Text="Quando várias HQs parecem ser da mesma série, confirme a série apenas para a primeira" Comment="When several comics appear to be from the same series, only confirm the series for the first one" />
    <Text Key="ConfigFormConfirmSeriesCB" Text="Confirmar cada nome de série antes de procurar por ela" Comment="Confirm each series name before searching for it" />
    <Text Key="ConfigFormShowSummaryCB" Text="Mostrar mensagem sumário quando terminar de lapidar" Comment="Show summary message when finished scraping" />
    <Text Key="ConfigFormRescrapeCB" Text="Usar escolha anterior quando 'relapidar' HQs" Comment="Use previous choice when 'rescraping' comics" />
    <Text Key="ConfigFormRescrapeTagsCB" Text="Salvar esta escolha em 'Palavras Chaves'" Comment="Save that choice in 'Tags'" />
    <Text Key="ConfigFormRescrapeNotesCB" Text="Salvar esta escolha em 'Notas'" Comment="Save that choice in 'Notes'" />
    <Text Key="ConfigFormDataTab" Text="Dados" Comment="Data" />
    <Text Key="ConfigFormImprintsCB" Text="Converter selos lapidados para editoras pais" Comment="Convert scraped imprints to parent publisher" />
    <Text Key="ConfigFormOverwriteCB" Text="Permitir que o lapidador reescreva valores existentes nas HQs" Comment="Allow scraper to overwrite existing values in comics" />
    <Text Key="ConfigFormOverwriteEmptyCB" Text="...exceto quando os novos valores estiverem vazios" Comment="...except when the new values would be empty" />
    <Text Key="ConfigFormFilelessCB" Text="Atualizar Miniaturas para HQs sem arquivos" Comment="Update thumbnails for fileless comics" />
    <Text Key="ConfigFormFilelessOverwriteCB" Text="...exceto quando elas já tiverem Miniaturas" Comment="...except when they already have thumbnails" />
    <Text Key="ConfigFormAdvancedTab" Text="Avançado" Comment="Advanced"/>
    <Text Key="ConfigFormAdvancedText" Text="Insira as configurações avançadas no espaço abaixo:" Comment="Enter advanced settings in the space below:"/>
    <Text Key="FinishFormTitle" Text="Comic Vine Scraper - v{0}" Comment="Comic Vine Scraper - v{0}" />
    <Text Key="FinishFormScrapedSingle" Text="Lapidados os detalhes para 1 HQ." Comment="Scraped details for 1 comic book." />
    <Text Key="FinishFormScrapedPlural" Text="Lapidados os detalhes para {0} HQs." Comment="Scraped details for {0} comic books." />
    <Text Key="FinishFormSkippedSingle" Text="1 HQ pulada." Comment="Skipped 1 comic book." />
    <Text Key="FinishFormSkippedPlural" Text="{0} HQs puladas." Comment="Skipped {0} comic books." />
    <Text Key="IssueCoverPanelSearching" Text="Pesquisando por mais capas..." Comment="Searching for more covers..." />
    <Text Key="IssueCoverPanelSingle" Text="Edição {0}  -  Capa Única" Comment="Issue {0}  -  Single Cover" />
    <Text Key="IssueCoverPanelPlural" Text="Edição {0}  -  Capa {1} de {2}" Comment="Issue {0}  -  Cover {1} of {2}" />
    <Text Key="LogDBErrorTitle" Text="Não Foi Possível Acessar o Banco de Dados Online" Comment="Cannot Access Online Database" />
    <Text Key="LogDBErrorText" Text="O banco de dados online {0} não foi alcançado.  Isto pode ser devido a um erro técnico temporário com o banco de dados, ou pode haver um erro com sua conexão de internet.\n\nPor favor tente novamente mais tarde." Comment="The {0} online database could not be reached.  This may be due to a temporary technical error with the database, or there may be a problem with your internet connection.\n\nPlease try again later." />
    <Text Key="LogErrorTitle" Text="Erro Inesperado" Comment="Unexpected Error" />
    <Text Key="LogErrorText" Text="Um erro inesperado ocorreu.  Você gostaria de salvar um arquivo de registro com mais detalhes sobre o problema?" Comment="An unexpected error occurred.  Would you like to save a log file with more details about this problem?" />
    <Text Key="LogSaveTitle" Text="Salvar Arquivo de Registro" Comment="Save Log File" />
    <Text Key="LogSaveFilter" Text="Todos os Arquivos (*.*)" Comment="All Files (*.*)" />
    <Text Key="LogSavedTitle" Text="Arquivo de Registros Salvo" Comment="Saved Log File" />
    <Text Key="LogSavedText" Text="Um arquivo de registro para este erro foi salvo. Por favor considere reportar este incidente (e submeter o arquivo de registro) ao rastreador de problemas no site principal do Comic Vine Scraper." Comment="A log file for this error has been saved.  Please consider reporting this incident (and submitting the log file) to the issue tracker on the main Comic Vine Scraper website." />
    <Text Key="LogSaveFailedText" Text="Erro ao salvar registro de depuração." Comment="Error saving debug log." />
    <Text Key="SearchFormTitle" Text="Pesquisar uma HQ" Comment="Search for a Comic Book" />
    <Text Key="SearchFormText" Text="Pesquisando o banco de dados de HQs por:" Comment="Search the comic book database for:" />
    <Text Key="SearchFormSearch" Text="Pesquisar" Comment="Search" />
    <Text Key="SearchFormSkip" Text="Pular" Comment="Skip" />
    <Text Key="SearchFormCancel" Text="Cancelar" Comment="Cancel" />
    <Text Key="IssueFormTitle" Text="Escolha uma Edição de HQ" Comment="Choose a Comic Book Issue" />
    <Text Key="IssueFormOK" Text="OK" Comment="OK" />
    <Text Key="IssueFormSkip" Text="Pular" Comment="Skip" />
    <Text Key="IssueFormGoBack" Text="Voltar" Comment="Go Back" />
    <Text Key="IssueFormTitleCol" Text="Título" Comment="Title" />
    <Text Key="IssueFormIssueCol" Text="Edição" Comment="Issue" />
    <Text Key="IssueFormChooseText" Text="Por favor escolha a edição correta da lista a seguir." Comment="Please choose the correct issue from the following list." />
    <Text Key="IssueFormChooseUnknownText" Text="Não foi possível identificar automaticamente a edição correta para esta HQ. Por favor escolha uma edição da lista a seguir." Comment="Could not automatically identify the correct issue for this comic.  Please choose an issue from the following list." />
    <Text Key="SeriesFormTitle" Text="Escolha uma Série de HQ" Comment="Choose a Comic Book Series" />
    <Text Key="SeriesFormSeriesCol" Text="Série" Comment="Series" />
    <Text Key="SeriesFormYearCol" Text="Ano" Comment="Year" />
    <Text Key="SeriesFormIssuesCol" Text="Edições" Comment="Issues" />
    <Text Key="SeriesFormPublisherCol" Text="Editora" Comment="Publisher" />
    <Text Key="SeriesFormOK" Text="OK" Comment="OK" />
    <Text Key="SeriesFormSkip" Text="Pular" Comment="Skip" />
    <Text Key="SeriesFormAgain" Text="Pesquisar Novamente" Comment="Search Again" />
    <Text Key="SeriesFormIssues" Text="Mostrar Edições" Comment="Show Issues" />
    <Text Key="SeriesFormChooseText" Text="Pesquisado por '{0}' e encontrado {1} séries correspondentes.  Por favor escolha uma da lista abaixo, ou clique 'Pular' para lapidar a HQ depois." Comment="Searched for '{0}' and found {1} matching series.  Please choose one from the list below, or click 'Skip' to scrape this comic later." />
    <Text Key="SeriesFormConfirmText" Text="Pesquisado por '{0}' e encontrado uma série correspondente. Clique 'OK' para confirmar que esta série está correta, ou clique 'Pular' para lapidar a HQ depois." Comment="Searched for '{0}' and found one matching series.  Click 'OK' to confirm that this is correct, or click 'Skip' to scrape this comic later." />
    <Text Key="SeriesFormShowArt" Text="Mostrar Arte da Série" Comment="Show Series Art" />
    <Text Key="WelcomeFormTextSingle" Text="Você está prestes a baixar e armazenar detalhes para 1 HQ.\n\nClique 'Iniciar Lapidação...' para começar." Comment="You are about to download and store details for 1 comic book.\n\nClick 'Start Scraping...' to begin." />
    <Text Key="WelcomeFormTextPlural" Text="Você está prestes a baixar e armazenar detalhes para {0} HQs.\n\nClique 'Iniciar Lapidação...' para começar." Comment="You are about to download and store details for {0} comic books.\n\nClick 'Start Scraping...' to begin." />
    <Text Key="WelcomeFormStart" Text="Iniciar Lapidação..." Comment="Start Scraping..." />
    <Text Key="WelcomeFormCancel" Text="Cancelar" Comment="Cancel" />
    <Text Key="WelcomeFormSettings" Text="Configurações..." Comment="Settings..." />
  </Texts>
</TR>