<?xml version="1.0" encoding="UTF-8"?>
<TR xmlns:xsi="http://www.w3.org/2001/XMLSchema-instance" xmlns:xsd="http://www.w3.org/2001/XMLSchema" Name="Script.ComicVineScraper" CultureName="en">
  <Texts>
    <!-- MessageBox buttons -->
    <Text Key="MessageBoxOk" Text="OK" Comment="OK"/>
	<Text Key="MessageBoxCancel" Text="Cancel" Comment="Cancel"/>
	<Text Key="MessageBoxRetry" Text="Retry" Comment="Retry"/>
	<Text Key="MessageBoxIgnore" Text="Ignore" Comment="Ignore"/>
	<Text Key="MessageBoxAbort" Text="Abort" Comment="Abort"/>
	<Text Key="MessageBoxYes" Text="Yes" Comment="Yes"/>
	<Text Key="MessageBoxNo" Text="No" Comment="No"/>
	
	<!-- ComicVineScraper.py -->
	<Text Key="ComicRackOODText" Text= "This script reqires a newer version of ComicRack in order to\nrun properly.  Please download and install the latest version\nfrom the ComicRack website, and then try again." Comment= "This script reqires a newer version of ComicRack in order to\nrun properly.  Please download and install the latest version\nfrom the ComicRack website, and then try again."/>
	<Text Key="ComicRackOODTitle" Text="ComicRack Update Required" Comment="ComicRack Update Required"/>
	
	<!-- ScrapeEngine.py -->
	<Text Key="SeriesSearchFailedTitle" Text="Search Failed" Comment="Search Failed"/>
	<Text Key="SeriesSearchFailedText" Text="Couldn't find any comic books that match the search terms:\n\n     '{0}'\n\nBe sure that all search terms are spelled correctly!\n\nSearches should include part (or all) of a comic book's title,\nbut NOT its issue number, publisher, publication date, etc." Comment="Couldn't find any comic books that match the search terms:\n\n     '{0}'\n\nBe sure that all search terms are spelled correctly!\n\nSearches should include part (or all) of a comic book's title,\nbut NOT its issue number, publisher, publication date, etc."/>
	<Text Key="NoIssuesAvailableTitle" Text="Series has No Issues" Comment="Series has No Issues"/>
	<Text Key="NoIssuesAvailableText" Text="You selected '{0}'.\n\nThis series cannot be displayed because it does not\ncontain any issues in the Comic Vine database.\n\nYou can add missing issues at: http://comicvine.com/" Comment="You selected '{0}'.\n\nThis series cannot be displayed because it does not\ncontain any issues in the Comic Vine database.\n\nYou can add missing issues at: http://comicvine.com/"/>
    <Text Key="SearchProgbarText" Text="Searching Comic Vine ({0} matches)" Comment="Searching Comic Vine ({0} matches)"/>
    <Text Key="IssuesProgbarText" Text="Loading Series Details ({0}% complete)" Comment="Loading Series Details ({0}% complete)"/>
	
	<!-- ComicForm.py -->
	<Text Key="ComicFormUnknown" Text="unknown" Comment="unknown"/>
	<Text Key="ComicFormVolume" Text="Vol." Comment="Vol."/>
	<Text Key="ComicFormScrapingLabel" Text="Scraping:  " Comment="Scraping:  "/>
	<Text Key="ComicFormCancelButton" Text="Cancel ({0} remaining)" Comment="Cancel ({0} remaining)"/>
	
	<!-- ConfigForm.py -->
	<Text Key="ConfigFormTitle" Text="Comic Vine Scraper Settings" Comment="Comic Vine Scraper Settings"/>
	<Text Key="ConfigFormOK" Text="OK" Comment="OK"/>
	<Text Key="ConfigFormRestore" Text="Restore Defaults" Comment="Restore Defaults"/>
	<Text Key="ConfigFormCancel" Text="Cancel" Comment="Cancel"/>
	
	<Text Key="ConfigFormDetailsTab" Text="Details" Comment="Details"/>
	<Text Key="ConfigFormDetailsText" Text="Choose which details you want to update:" 
	   Comment="Choose which details you want to update:"/>
	<Text Key="ConfigFormDetailsAll" Text="Select All" Comment="Select All"/>
	<Text Key="ConfigFormDetailsNone" Text="Select None" Comment="Select None"/>
	
	<Text Key="ConfigFormSeriesCB" Text="Series" Comment="Series"/>
	<Text Key="ConfigFormNumberCB" Text="Number" Comment="Number"/>
	<Text Key="ConfigFormMonthCB" Text="Month" Comment="Month"/>
	<Text Key="ConfigFormTitleCB" Text="Title" Comment="Title"/>
	<Text Key="ConfigFormAltSeriesCB" Text="Alternate Series" Comment="Alternate Series"/>
	<Text Key="ConfigFormWriterCB" Text="Writer" Comment="Writer"/>
	<Text Key="ConfigFormPencillerCB" Text="Penciller" Comment="Penciller"/>
	<Text Key="ConfigFormInkerCB" Text="Inker" Comment="Inker"/>
	<Text Key="ConfigFormCoverCB" Text="Cover Artist" Comment="Cover Artist"/>
	<Text Key="ConfigFormColoristCB" Text="Colorist" Comment="Colorist"/>
	<Text Key="ConfigFormLettererCB" Text="Letterer" Comment="Letterer"/>
	<Text Key="ConfigFormEditorCB" Text="Editor" Comment="Editor"/>
	<Text Key="ConfigFormSummaryCB" Text="Summary" Comment="Summary"/>
	<Text Key="ConfigFormYearCB" Text="Year" Comment="Year"/>
	<Text Key="ConfigFormImprintCB" Text="Imprint" Comment="Imprint"/>
	<Text Key="ConfigFormPublisherCB" Text="Publisher" Comment="Publisher"/>
	<Text Key="ConfigFormVolumeCB" Text="Volume" Comment="Volume"/>
	<Text Key="ConfigFormCharactersCB" Text="Characters" Comment="Characters"/>
	<Text Key="ConfigFormTeamsCB" Text="Teams" Comment="Teams"/>
	<Text Key="ConfigFormLocationsCB" Text="Locations" Comment="Locations"/>
	<Text Key="ConfigFormWebCB" Text="Webpage" Comment="Webpage"/>
	<Text Key="ConfigFormRatingCB" Text="Rating" Comment="Rating"/>
	
  </Texts>
</TR>