<?xml version="1.0" encoding="UTF-8"?>
<TR xmlns:xsi="http://www.w3.org/2001/XMLSchema-instance" xmlns:xsd="http://www.w3.org/2001/XMLSchema" Name="Script.ComicVineScraper" CultureName="en">
  <Texts>
    <!-- MessageBox buttons -->
    <Text Key="MessageBoxOk" Text="OK" Comment="OK"/>
	<Text Key="MessageBoxCancel" Text="Cancel" Comment="Cancel"/>
	<Text Key="MessageBoxRetry" Text="Retry" Comment="Retry"/>
	<Text Key="MessageBoxIgnore" Text="Ignore" Comment="Ignore"/>
	<Text Key="MessageBoxAbort" Text="Abort" Comment="Abort"/>
	<Text Key="MessageBoxYes" Text="Yes" Comment="Yes"/>
	<Text Key="MessageBoxNo" Text="No" Comment="No"/>
	
	<!-- ComicVineScraper.py -->
	<Text Key="ComicRackOODText" Text= "This script reqires a newer version of ComicRack in order to\nrun properly.  Please download and install the latest version\nfrom the ComicRack website, and then try again." Comment= "This script reqires a newer version of ComicRack in order to\nrun properly.  Please download and install the latest version\nfrom the ComicRack website, and then try again."/>
	<Text Key="ComicRackOODTitle" Text="ComicRack Update Required" Comment="ComicRack Update Required"/>
	
	<!-- ScrapeEngine.py -->
	<Text Key="SeriesSearchFailedTitle" Text="Search Failed" Comment="Search Failed"/>
	<Text Key="SeriesSearchFailedText" Text="Couldn't find any comic books that match the search terms:\n\n     '{0}'\n\nBe sure that all search terms are spelled correctly!\n\nSearches should include part (or all) of a comic book's title,\nbut NOT its issue number, publisher, publication date, etc." Comment="Couldn't find any comic books that match the search terms:\n\n     '{0}'\n\nBe sure that all search terms are spelled correctly!\n\nSearches should include part (or all) of a comic book's title,\nbut NOT its issue number, publisher, publication date, etc."/>
	<Text Key="NoIssuesAvailableTitle" Text="Series has No Issues" Comment="Series has No Issues"/>
	<Text Key="NoIssuesAvailableText" Text="You selected '{0}'.\n\nThis series cannot be displayed because it does not\ncontain any issues in the Comic Vine database.\n\nYou can add missing issues at: http://comicvine.com/" Comment="You selected '{0}'.\n\nThis series cannot be displayed because it does not\ncontain any issues in the Comic Vine database.\n\nYou can add missing issues at: http://comicvine.com/"/>
    <Text Key="SearchProgbarText" Text="Searching Comic Vine ({0} matches)" Comment="Searching Comic Vine ({0} matches)"/>
    <Text Key="IssuesProgbarText" Text="Loading Series Details ({0}% complete)" Comment="Loading Series Details ({0}% complete)"/>
  </Texts>
</TR>