<?xml version="1.0" encoding="UTF-8"?>
<TR xmlns:xsi="http://www.w3.org/2001/XMLSchema-instance" xmlns:xsd="http://www.w3.org/2001/XMLSchema" Name="Script.ComicVineScraper" CultureName="en">
  <Texts>
    <!-- MessageBox buttons -->
    <Text Key="MessageBoxOk" Text="OK" Comment="OK"/>
	<Text Key="MessageBoxCancel" Text="Cancel" Comment="Cancel"/>
	<Text Key="MessageBoxRetry" Text="Retry" Comment="Retry"/>
	<Text Key="MessageBoxIgnore" Text="Ignore" Comment="Ignore"/>
	<Text Key="MessageBoxAbort" Text="Abort" Comment="Abort"/>
	<Text Key="MessageBoxYes" Text="Yes" Comment="Yes"/>
	<Text Key="MessageBoxNo" Text="No" Comment="No"/>
	
	<!-- ComicVineScraper.py -->
	<Text Key="ComicRackOODText" Text= "This script reqires a newer version of ComicRack in order to\nrun properly.  Please download and install the latest version\nfrom the ComicRack website, and then try again." Comment= "This script reqires a newer version of ComicRack in order to\nrun properly.  Please download and install the latest version\nfrom the ComicRack website, and then try again."/>
	<Text Key="ComicRackOODTitle" Text="ComicRack Update Required" Comment="ComicRack Update Required"/>
	
	<!-- scrapeengine.py -->
	<Text Key="SeriesSearchFailedTitle" Text="Search Failed" Comment="Search Failed"/>
	<Text Key="SeriesSearchFailedText" Text="Couldn't find any comic books that match the search terms:\n\n     '{0}'\n\nBe sure that all search terms are spelled correctly!\n\nSearches should include part (or all) of a comic book's title,\nbut NOT its issue number, publisher, publication date, etc." Comment="Couldn't find any comic books that match the search terms:\n\n     '{0}'\n\nBe sure that all search terms are spelled correctly!\n\nSearches should include part (or all) of a comic book's title,\nbut NOT its issue number, publisher, publication date, etc."/>
	<Text Key="NoIssuesAvailableTitle" Text="Series has No Issues" Comment="Series has No Issues"/>
	<Text Key="NoIssuesAvailableText" Text="You selected '{0}'.\n\nThis series cannot be displayed because it does not\ncontain any issues in the Comic Vine database.\n\nYou can add missing issues at: http://comicvine.com/" Comment="You selected '{0}'.\n\nThis series cannot be displayed because it does not\ncontain any issues in the Comic Vine database.\n\nYou can add missing issues at: http://comicvine.com/"/>
    <Text Key="SearchProgbarText" Text="Searching Comic Vine ({0} matches)" Comment="Searching Comic Vine ({0} matches)"/>
    <Text Key="IssuesProgbarText" Text="Loading Series Details ({0}% complete)" Comment="Loading Series Details ({0}% complete)"/>
	
	<!-- comicform.py -->
	<Text Key="ComicFormUnknown" Text="unknown" Comment="unknown"/>
	<Text Key="ComicFormVolume" Text="Vol." Comment="Vol."/>
	<Text Key="ComicFormScrapingLabel" Text="Scraping:  " Comment="Scraping:  "/>
	<Text Key="ComicFormCancelButton" Text="Cancel ({0} remaining)" Comment="Cancel ({0} remaining)"/>
	
	<!-- configform.py -->
	<Text Key="ConfigFormTitle" Text="Comic Vine Scraper Settings" Comment="Comic Vine Scraper Settings"/>
	<Text Key="ConfigFormOK" Text="OK" Comment="OK"/>
	<Text Key="ConfigFormRestore" Text="Restore Defaults" Comment="Restore Defaults"/>
	<Text Key="ConfigFormCancel" Text="Cancel" Comment="Cancel"/>
	
	<Text Key="ConfigFormDetailsTab" Text="Details" Comment="Details"/>
	<Text Key="ConfigFormDetailsText" Text="Choose which details you want to update:" 
	   Comment="Choose which details you want to update:"/>
	<Text Key="ConfigFormDetailsAll" Text="Select All" Comment="Select All"/>
	<Text Key="ConfigFormDetailsNone" Text="Select None" Comment="Select None"/>
	<Text Key="ConfigFormSeriesCB" Text="Series" Comment="Series"/>
	<Text Key="ConfigFormNumberCB" Text="Number" Comment="Number"/>
	<Text Key="ConfigFormMonthCB" Text="Month" Comment="Month"/>
	<Text Key="ConfigFormTitleCB" Text="Title" Comment="Title"/>
	<Text Key="ConfigFormAltSeriesCB" Text="Alternate Series" Comment="Alternate Series"/>
	<Text Key="ConfigFormWriterCB" Text="Writer" Comment="Writer"/>
	<Text Key="ConfigFormPencillerCB" Text="Penciller" Comment="Penciller"/>
	<Text Key="ConfigFormInkerCB" Text="Inker" Comment="Inker"/>
	<Text Key="ConfigFormCoverCB" Text="Cover Artist" Comment="Cover Artist"/>
	<Text Key="ConfigFormColoristCB" Text="Colorist" Comment="Colorist"/>
	<Text Key="ConfigFormLettererCB" Text="Letterer" Comment="Letterer"/>
	<Text Key="ConfigFormEditorCB" Text="Editor" Comment="Editor"/>
	<Text Key="ConfigFormSummaryCB" Text="Summary" Comment="Summary"/>
	<Text Key="ConfigFormYearCB" Text="Year" Comment="Year"/>
	<Text Key="ConfigFormImprintCB" Text="Imprint" Comment="Imprint"/>
	<Text Key="ConfigFormPublisherCB" Text="Publisher" Comment="Publisher"/>
	<Text Key="ConfigFormVolumeCB" Text="Volume" Comment="Volume"/>
	<Text Key="ConfigFormCharactersCB" Text="Characters" Comment="Characters"/>
	<Text Key="ConfigFormTeamsCB" Text="Teams" Comment="Teams"/>
	<Text Key="ConfigFormLocationsCB" Text="Locations" Comment="Locations"/>
	<Text Key="ConfigFormWebCB" Text="Webpage" Comment="Webpage"/>
	<Text Key="ConfigFormRatingCB" Text="Rating" Comment="Rating"/>
	
	<Text Key="ConfigFormBehaviourTab" Text="Behaviour" Comment="Behaviour"/>
	<Text Key="ConfigFormRescrapeCB" Text="Use previous choice when 'rescraping' comics" Comment="Use previous choice when 'rescraping' comics"/>
	<Text Key="ConfigFormRescrapeTagsCB" Text="Save that choice in 'Tags'" Comment="Save that choice in 'Tags'"/>
	<Text Key="ConfigFormRescrapeNotesCB" Text="Save that choice in 'Notes'" Comment="Save that choice in 'Notes'"/>
	<Text Key="ConfigFormGroupsCB" Text="When several comics appear to be from the same\nseries, only ask about the first one"  Comment="When several comics appear to be from the same\nseries, only ask about the first one"/>
	<Text Key="ConfigFormSeriesCB" Text="Confirm each series name before searching for it"  Comment="Confirm each series name before searching for it"/>
	<Text Key="ConfigFormCoversCB" Text="When possible, display comic book cover images"  Comment="When possible, display comic book cover images"/>
	<Text Key="ConfigFormSummaryCB" Text="Show summary message when finished scraping"  Comment="Show summary message when finished scraping"/>
	
	<Text Key="ConfigFormDataTab" Text="Data" Comment="Data"/>
	<Text Key="ConfigFormImprintsCB" Text="Convert scraped imprints to parent publisher" Comment="Convert scraped imprints to parent publisher"/>
	<Text Key="ConfigFormOverwriteCB" Text="Allow scraper to overwrite existing values in comics" Comment="Allow scraper to overwrite existing values in comics"/>
	<Text Key="ConfigFormOverwriteEmptyCB" Text="...except when the new values would be empty" Comment="...except when the new values would be empty"/>
	<Text Key="ConfigFormFilelessCB" Text="Update thumbnails for fileless comics" Comment="Update thumbnails for fileless comics"/>
	<Text Key="ConfigFormFilelessOverwriteCB" Text="...except when they already have thumbnails" Comment="...except when they already have thumbnails"/>
	
	<!-- finishform.py -->
	<Text Key="FinishFormTitle" Text="Comic Vine Scraper - v{0}" Comment="Comic Vine Scraper - v{0}"/>
	<Text Key="FinishFormScrapedSingle" Text="Scraped details for 1 comic book." Comment="Scraped details for 1 comic book."/>
	<Text Key="FinishFormScrapedPlural" Text="Scraped details for {0} comic books." Comment="Scraped details for {0} comic books."/>
	<Text Key="FinishFormSkippedSingle" Text="Skipped 1 comic book." Comment="Skipped 1 comic book."/>
	<Text Key="FinishFormSkippedPlural" Text="Skipped {0} comic books." Comment="Skipped {0} comic books."/>
	
	<!-- issuecoverpanel.py -->
	<Text Key="IssueCoverPanelSearching" Text="Searching for more covers..." Comment="Searching for more covers..."/>
	<Text Key="IssueCoverPanelSingle" Text="Issue {0}  -  Single Cover" Comment="Issue {0}  -  Single Cover"/>
	<Text Key="IssueCoverPanelPlural" Text="Issue {0}  -  Cover {1} of {2}" Comment="Issue {0}  -  Cover {1} of {2}"/>
	
	<!-- log.py -->
	<Text Key="LogDBErrorTitle" Text="Cannot Access Comic Database" Comment="Cannot Access Comic Database"/>
	<Text Key="LogDBErrorText" Text="The {0} website could not be reached.  It is\npossible that the website is not responding, or that\nyou are not connected to the internet.\n\nPlease try again later." Comment="The {0} website could not be reached.  It is\npossible that the website is not responding, or that\nyou are not connected to the internet.\n\nPlease try again later."/>
	<Text Key="LogErrorTitle" Text="Unexpected Error" Comment="Unexpected Error"/>
	<Text Key="LogErrorText" Text="An unexpected error occurred.  Would you like to save\na log file with more details about this problem?" Comment="An unexpected error occurred.  Would you like to save\na log file with more details about this problem?"/>
	<Text Key="LogSaveTitle" Text="Save Log File" Comment="Save Log File"/>
	<Text Key="LogSaveFilter" Text="All Files (*.*)" Comment="All Files (*.*)"/>
	<Text Key="LogSavedTitle" Text="Saved Log File" Comment="Saved Log File"/>
	<Text Key="LogSavedText" Text="A log file for this error has been saved.  Please consider\nreporting this incident (and submitting the log) to the\nissue tracker on the main Comic Vine Scraper website." Comment="A log file for this error has been saved.  Please consider\nreporting this incident (and submitting the log) to the\nissue tracker on the main Comic Vine Scraper website."/>
	<Text Key="LogSaveFailedText" Text="Error saving debug log." Comment="Error saving debug log."/>
		
	<!-- searchform.py -->
	<Text Key="SearchFormTitle" Text="Search for a Comic Book" Comment="Search for a Comic Book"/>
	<Text Key="SearchFormText" Text="Search the comic book database for:" Comment="Search the comic book database for:"/>
	<Text Key="SearchFormSearch" Text="Search" Comment="Search"/>
	<Text Key="SearchFormSkip" Text="Skip" Comment="Skip"/>
	<Text Key="SearchFormCancel" Text="Cancel" Comment="Cancel"/>
	
	<!-- issueform.py -->
	<Text Key="IssueFormTitle" Text="Choose a Comic Book Issue" Comment="Choose a Comic Book Issue"/>
	<Text Key="IssueFormOK" Text="OK" Comment="OK"/>
	<Text Key="IssueFormSkip" Text="Skip" Comment="Skip"/>
	<Text Key="IssueFormGoBack" Text="Go Back" Comment="Go Back"/>
	<Text Key="IssueFormSeriesCol" Text="Series" Comment="Series"/>
	<Text Key="IssueFormIssueCol" Text="Issue" Comment="Issue"/>
	<Text Key="IssueFormChooseText" Text="Please choose the correct issue from the following list." Comment="Please choose the correct issue from the following list."/>
	<Text Key="IssueFormChooseUnknownText" Text="Could not automatically identify the issue for this comic.\nPlease choose the correct issue from the following list." Comment="Could not automatically identify the issue for this comic.\nPlease choose the correct issue from the following list."/>
	
    <!-- searchform.py -->
	<Text Key="SeriesFormTitle" Text="Choose a Comic Book Series" Comment="Choose a Comic Book Series"/>
	<Text Key="SeriesFormSeriesCol" Text="Series" Comment="Series"/>
	<Text Key="SeriesFormYearCol" Text="Year" Comment="Year"/>
	<Text Key="SeriesFormIssuesCol" Text="Issues" Comment="Issues"/>
	<Text Key="SeriesFormPublisherCol" Text="Publisher" Comment="Publisher"/>
	<Text Key="SeriesFormOK" Text="OK" Comment="OK"/>
	<Text Key="SeriesFormSkip" Text="Skip" Comment="Skip"/>
	<Text Key="SeriesFormAgain" Text="Search Again" Comment="Search Again"/>
	<Text Key="SeriesFormIssues" Text="Show Issues" Comment="Show Issues"/>
	<Text Key="SeriesFormChooseText" Text="Searched for '{0}' and found {1} matching series.\nPlease choose one from the list below, or click 'Skip' to scrape this comic later." Comment="Searched for '{0}' and found {1} matching series.\nPlease choose one from the list below, or click 'Skip' to scrape this comic later."/>
	<Text Key="SeriesFormConfirmText" Text="Searched for '{0}' and found one matching series.\nClick 'OK' to confirm that this is correct, or click 'Skip' to scrape this comic later." Comment="Searched for '{0}' and found one matching series.\nClick 'OK' to confirm that this is correct, or click 'Skip' to scrape this comic later."/>
	<Text Key="SeriesFormShowArt" Text="Show Series Art" Comment="Show Series Art"/>
  </Texts>
</TR>