<?xml version="1.0" encoding="UTF-8"?>
<TR xmlns:xsi="http://www.w3.org/2001/XMLSchema-instance" xmlns:xsd="http://www.w3.org/2001/XMLSchema" Name="Script.ComicVineScraper" CultureName="en">
  <Texts>
    <Text Key="Test" Text="Cory's Test" Comment="Cory's Test"/>
	<Text Key="Test2" Text="" Comment="Cory's Test"/>
	<Texter Key="Test5" Text="Cory's Test" Comment="Cory's Test"/>
    <Text Key="AskCommit" Text="Wollen Sie die vorgeschlagenen Werte wirklich schreiben?\nVorgeschlagene Werte wurden aus dem Dateinamen gerneriert und werden in Grau dargestellt." Comment="Do you really want to make the proposed values permanent?\nProposed values are generated from the filename and are displayed in gray" />
    <Text Key="Name" Text="Speichere vorgeschlagene Werte..." Comment="Commit Proposed Values..." />
    <Text Key="Overwrite" Text="&amp;Existierende Werte überschreiben" Comment="&amp;Also overwrite existing values" />
    <Text Key="Write" Text="Schreibe" Comment="Write" />
    <Text Key="Description" Text="Ein Script um die vorgeschlagenen Werte im eComic zu speichern" Comment="A script to makes the proposed values for the eComics permanent"/>
  </Texts>
</TR>