<?xml version="1.0" encoding="UTF-8"?>
<TR xmlns:xsi="http://www.w3.org/2001/XMLSchema-instance" xmlns:xsd="http://www.w3.org/2001/XMLSchema" Name="Script.ComicVineScraper" CultureName="en">
  <Texts>
    <!-- MessageBox buttons -->
    <Text Key="MessageBoxOk" Text="OK" Comment="OK"/>
	<Text Key="MessageBoxCancel" Text="Cancel" Comment="Cancel"/>
	<Text Key="MessageBoxRetry" Text="Retry" Comment="Retry"/>
	<Text Key="MessageBoxIgnore" Text="Ignore" Comment="Ignore"/>
	<Text Key="MessageBoxAbort" Text="Abort" Comment="Abort"/>
	<Text Key="MessageBoxYes" Text="Yes" Comment="Yes"/>
	<Text Key="MessageBoxNo" Text="No" Comment="No"/>
	
	<!-- ComicVineScraper.py -->
	<Text Key="ComicRackOODText" Text= "This script requires a newer version of ComicRack in order to run properly.  Please download and install the latest version from the ComicRack website, and then try again." Comment= "This script requires a newer version of ComicRack in order to run properly.  Please download and install the latest version from the ComicRack website, and then try again."/>
	<Text Key="ComicRackOODTitle" Text="ComicRack Update Required" Comment="ComicRack Update Required"/>
	
	<!-- scrapeengine.py -->
	<Text Key="SeriesSearchFailedTitle" Text="Search Failed" Comment="Search Failed"/>
	<Text Key="SeriesSearchFailedText" Text="Couldn't find any comic books that match the search terms:\n\n     '{0}'\n\nBe sure that all search terms are spelled correctly!  Your search should include all (or part) of a comic book's title, but NOT its issue number, publisher, publication date, story arc, etc." Comment="Couldn't find any comic books that match the search terms:\n\n     '{0}'\n\nBe sure that all search terms are spelled correctly!  Your search should include all (or part) of a comic book's title, but NOT its issue number, publisher, publication date, story arc, etc."/>
	<Text Key="NoIssuesAvailableTitle" Text="Series has No Issues" Comment="Series has No Issues"/>
	<Text Key="NoIssuesAvailableText" Text="You selected '{0}'.\n\nThis series cannot be displayed because it does not contain any issues in the Comic Vine database.\n\nYou can add missing issues at: http://comicvine.com/" Comment="You selected '{0}'.\n\nThis series cannot be displayed because it does not contain any issues in the Comic Vine database.\n\nYou can add missing issues at: http://comicvine.com/"/>
    <Text Key="SearchProgbarText" Text="Searching Comic Vine ({0} matches)" Comment="Searching Comic Vine ({0} matches)"/>
    <Text Key="IssuesProgbarText" Text="Loading Series Details ({0}% complete)" Comment="Loading Series Details ({0}% complete)"/>
	
	<!-- comicform.py -->
	<Text Key="ComicFormUnknown" Text="unknown" Comment="unknown"/>
	<Text Key="ComicFormVolume" Text="Vol." Comment="Vol."/>
	<Text Key="ComicFormScrapingLabel" Text="Scraping:  " Comment="Scraping:  "/>
	<Text Key="ComicFormCancelButton" Text="Cancel ({0} remaining)" Comment="Cancel ({0} remaining)"/>
	
	<!-- configform.py -->
	<Text Key="ConfigFormTitle" Text="Comic Vine Scraper Settings" Comment="Comic Vine Scraper Settings"/>
	<Text Key="ConfigFormOK" Text="OK" Comment="OK"/>
	<Text Key="ConfigFormRestore" Text="Restore Defaults" Comment="Restore Defaults"/>
	<Text Key="ConfigFormCancel" Text="Cancel" Comment="Cancel"/>
	
	<Text Key="ConfigFormDetailsTab" Text="Details" Comment="Details"/>
	<Text Key="ConfigFormDetailsText" Text="Choose which details you want to update:" 
	   Comment="Choose which details you want to update:"/>
	<Text Key="ConfigFormDetailsAll" Text="Select All" Comment="Select All"/>
	<Text Key="ConfigFormDetailsNone" Text="Select None" Comment="Select None"/>
	<Text Key="ConfigFormSeriesCB" Text="Series" Comment="Series"/>
	<Text Key="ConfigFormNumberCB" Text="Number" Comment="Number"/>
	<Text Key="ConfigFormReleasedCB" Text="Release Date" Comment="Release Date"/>
	<Text Key="ConfigFormPublishedCB" Text="Published Date" Comment="Published Date"/>
	<Text Key="ConfigFormTitleCB" Text="Title" Comment="Title"/>
	<Text Key="ConfigFormCrossoversCB" Text="Crossovers" Comment="Crossovers"/>
	<Text Key="ConfigFormWriterCB" Text="Writer" Comment="Writer"/>
	<Text Key="ConfigFormPencillerCB" Text="Penciller" Comment="Penciller"/>
	<Text Key="ConfigFormInkerCB" Text="Inker" Comment="Inker"/>
	<Text Key="ConfigFormCoverCB" Text="Cover Artist" Comment="Cover Artist"/>
	<Text Key="ConfigFormColoristCB" Text="Colorist" Comment="Colorist"/>
	<Text Key="ConfigFormLettererCB" Text="Letterer" Comment="Letterer"/>
	<Text Key="ConfigFormEditorCB" Text="Editor" Comment="Editor"/>
	<Text Key="ConfigFormSummaryCB" Text="Summary" Comment="Summary"/>
	<Text Key="ConfigFormImprintCB" Text="Imprint" Comment="Imprint"/>
	<Text Key="ConfigFormPublisherCB" Text="Publisher" Comment="Publisher"/>
	<Text Key="ConfigFormVolumeCB" Text="Volume" Comment="Volume"/>
	<Text Key="ConfigFormCharactersCB" Text="Characters" Comment="Characters"/>
	<Text Key="ConfigFormTeamsCB" Text="Teams" Comment="Teams"/>
	<Text Key="ConfigFormLocationsCB" Text="Locations" Comment="Locations"/>
	<Text Key="ConfigFormWebCB" Text="Webpage" Comment="Webpage"/>
	
	<Text Key="ConfigFormBehaviourTab" Text="Behaviour" Comment="Behaviour"/>
	<Text Key="ConfigFormFirstScrapeLabel" Text="When scraping comics for the first time..." Comment="When scraping comics for the first time:" />
	<Text Key="ConfigFormAutochooseSeriesCB" Text="try to choose the correct series automatically"  Comment="try to choose the correct series automatically"/>
	<Text Key="ConfigFormConfirmIssueCB" Text="confirm each issue before proceeding"  Comment="confirm each issue before proceeding"/>
	<Text Key="ConfigFormShowSummaryCB" Text="Show summary message when finished scraping"  Comment="Show summary message when finished scraping"/>
	<Text Key="ConfigFormRescrapeCB" Text="When 'rescraping' comics, use your previous choice" Comment="When 'rescraping' comics, use your previous choice"/>
	<Text Key="ConfigFormRescrapeTagsCB" Text="Save that choice in 'Tags'" Comment="Save that choice in 'Tags'"/>
	<Text Key="ConfigFormRescrapeNotesCB" Text="Save that choice in 'Notes'" Comment="Save that choice in 'Notes'"/>
	
	<Text Key="ConfigFormDataTab" Text="Data" Comment="Data"/>
	<Text Key="ConfigFormImprintsCB" Text="Convert scraped imprints to parent publisher" Comment="Convert scraped imprints to parent publisher"/>
	<Text Key="ConfigFormOverwriteCB" Text="Allow scraper to overwrite existing values in comics" Comment="Allow scraper to overwrite existing values in comics"/>
	<Text Key="ConfigFormOverwriteEmptyCB" Text="...except when the new values would be empty" Comment="...except when the new values would be empty"/>
	<Text Key="ConfigFormFilelessCB" Text="Update thumbnails for fileless comics" Comment="Update thumbnails for fileless comics"/>
	<Text Key="ConfigFormFilelessOverwriteCB" Text="...except when they already have thumbnails" Comment="...except when they already have thumbnails"/>
	
	<Text Key="ConfigFormAdvancedTab" Text="Advanced" Comment="Advanced"/>
	<Text Key="ConfigFormAdvancedText" Text="Enter advanced settings in the space below:" Comment="Enter advanced settings in the space below:"/>
	
	<!-- finishform.py -->
	<Text Key="FinishFormTitle" Text="Comic Vine Scraper - v{0}" Comment="Comic Vine Scraper - v{0}"/>
	<Text Key="FinishFormScrapedSingle" Text="Scraped details for 1 comic book." Comment="Scraped details for 1 comic book."/>
	<Text Key="FinishFormScrapedPlural" Text="Scraped details for {0} comic books." Comment="Scraped details for {0} comic books."/>
	<Text Key="FinishFormSkippedSingle" Text="Skipped 1 comic book." Comment="Skipped 1 comic book."/>
	<Text Key="FinishFormSkippedPlural" Text="Skipped {0} comic books." Comment="Skipped {0} comic books."/>
	
	<!-- issuecoverpanel.py -->
	<Text Key="IssueCoverPanelSearchable" Text="Issue {0} (more covers)" Comment="Issue {0} (more covers)"/>
	<Text Key="IssueCoverPanelSearching" Text="Issue {0} (searching)" Comment="Issue {0} (searching)"/>
	<Text Key="IssueCoverPanelSingle" Text="Issue {0}  -  Single Cover" Comment="Issue {0}  -  Single Cover"/>
	<Text Key="IssueCoverPanelPlural" Text="Issue {0}  -  Cover {1} of {2}" Comment="Issue {0}  -  Cover {1} of {2}"/>
	<Text Key="IssueCoverPanelSeries" Text="Series Art" Comment="Series Art"/>
	
	<!-- log.py -->
	<Text Key="LogDBErrorTitle" Text="Cannot Access Online Database" Comment="Cannot Access Online Database"/>
	<Text Key="LogDBErrorText" Text="The {0} online database could not be reached.  This may be due to a temporary technical error with the database, or there may be a problem with your internet connection.\n\nPlease try again later." Comment="The {0} online database could not be reached.  This may be due to a temporary technical error with the database, or there may be a problem with your internet connection.\n\nPlease try again later."/>
	<Text Key="LogDBErrorRateText" Text="The {0} online database cannot be reached because you have exceeded your database access limit.  You will be able to access the database again in a few hours.\n\nPlease try again later." Comment="The {0} online database cannot be reached because you have exceeded your database access limit.  You will be able to access the database again in a few hours.\n\nPlease try again later."/>
	<Text Key="LogErrorTitle" Text="Unexpected Error" Comment="Unexpected Error"/>
	<Text Key="LogErrorText" Text="An unexpected error occurred.  Would you like to save a log file with more details about this problem?" Comment="An unexpected error occurred.  Would you like to save a log file with more details about this problem?"/>
	<Text Key="LogSaveTitle" Text="Save Log File" Comment="Save Log File"/>
	<Text Key="LogSaveFilter" Text="All Files (*.*)" Comment="All Files (*.*)"/>
	<Text Key="LogSavedTitle" Text="Saved Log File" Comment="Saved Log File"/>
	<Text Key="LogSavedText" Text="A log file for this error has been saved.  Please consider reporting this incident (and submitting the log file) to the issue tracker on the main Comic Vine Scraper website." Comment="A log file for this error has been saved.  Please consider reporting this incident (and submitting the log file) to the issue tracker on the main Comic Vine Scraper website."/>
	<Text Key="LogSaveFailedText" Text="Error saving debug log." Comment="Error saving debug log."/>
		
	<!-- searchform.py -->
	<Text Key="SearchFormTitle" Text="Search for a Comic Book" Comment="Search for a Comic Book"/>
	<Text Key="SearchFormText" Text="Search the comic book database for:" Comment="Search the comic book database for:"/>
	<Text Key="SearchFormSearch" Text="Search" Comment="Search"/>
	<Text Key="SearchFormSkip" Text="Skip" Comment="Skip"/>
	<Text Key="SearchFormCancel" Text="Cancel" Comment="Cancel"/>
	
	<!-- issueform.py -->
	<Text Key="IssueFormTitle" Text="Choose a Comic Book Issue" Comment="Choose a Comic Book Issue"/>
	<Text Key="IssueFormOK" Text="OK" Comment="OK"/>
	<Text Key="IssueFormSkip" Text="Skip" Comment="Skip"/>
	<Text Key="IssueFormGoBack" Text="Go Back" Comment="Go Back"/>
	<Text Key="IssueFormIssueCol" Text="Issue" Comment="Issue"/>
	<Text Key="IssueFormTitleCol" Text="Title" Comment="Title"/>
	<Text Key="IssueFormChooseText" Text="The following issues were found for {0}.{1}Please choose the issue that matches your comic." Comment="The following issues were found for {0}.{1}Please choose the issue that matches your comic."/>
	
    <!-- searchform.py -->
	<Text Key="SeriesFormTitle" Text="Choose a Comic Book Series" Comment="Choose a Comic Book Series"/>
	<Text Key="SeriesFormSeriesCol" Text="Series" Comment="Series"/>
	<Text Key="SeriesFormYearCol" Text="Year" Comment="Year"/>
	<Text Key="SeriesFormIssuesCol" Text="Issues" Comment="Issues"/>
	<Text Key="SeriesFormPublisherCol" Text="Publisher" Comment="Publisher"/>
	<Text Key="SeriesFormOK" Text="OK" Comment="OK"/>
	<Text Key="SeriesFormSkip" Text="Skip" Comment="Skip"/>
	<Text Key="SeriesFormAgain" Text="Search Again" Comment="Search Again"/>
	<Text Key="SeriesFormIssues" Text="Show Issues" Comment="Show Issues"/>
	<Text Key="SeriesFormChooseText" Text="Searched for '{0}' and found {1} matching series.  Please choose one from the list below, or click 'Skip' to scrape this comic later." Comment="Searched for '{0}' and found {1} matching series.  Please choose one from the list below, or click 'Skip' to scrape this comic later."/>
	<Text Key="SeriesFormConfirmText" Text="Searched for '{0}' and found one matching series.  Click 'OK' to confirm that this is correct, or click 'Skip' to scrape this comic later." Comment="Searched for '{0}' and found one matching series.  Click 'OK' to confirm that this is correct, or click 'Skip' to scrape this comic later."/>
	<Text Key="SeriesFormShowArt" Text="Show Series Art" Comment="Show Series Art"/>
	
	<!-- welcomeform.py -->
	<Text Key="WelcomeFormTextSingle" Text="You are about to download and store details for 1 comic book.\n\nClick 'Start Scraping...' to begin." Comment="You are about to download and store details for 1 comic book.\n\nClick 'Start Scraping...' to begin."/>
	<Text Key="WelcomeFormTextPlural" Text="You are about to download and store details for {0} comic books.\n\nClick 'Start Scraping...' to begin." Comment="You are about to download and store details for {0} comic books.\n\nClick 'Start Scraping...' to begin."/>
	<Text Key="WelcomeFormStart" Text="Start Scraping..." Comment="Start Scraping..."/>
	<Text Key="WelcomeFormCancel" Text="Cancel" Comment="Cancel"/>
	<Text Key="WelcomeFormSettings" Text="Settings..." Comment="Settings..."/>
  </Texts>
</TR>